sex,cohort,n_ages,g0,g1,g2,g3,g0_raw,g1_raw,g2_raw,g3_raw,rmse,max_abs_resid,sdlog_gap,max_censored_share,cms_b0,cms_b1,cms_b2,cms_b3,eu_offset,se_g0,se_g1,se_g2,se_g3
female,1957,31,9.846570,0.260117,-0.061796,0.000000,9.272185,0.457863,-0.061796,0.000000,0.020937,0.052128,0.136092,0.003225,0.906410,-0.153679,0.004296,-0.000036,0.382423,0.005940,0.004424,0.005538,0.000000
female,1958,31,9.850028,0.267279,-0.064044,0.000000,9.258428,0.472220,-0.064044,0.000000,0.019768,0.055001,0.126777,0.002906,1.137431,-0.178766,0.005044,-0.000043,0.382422,0.005609,0.004177,0.005229,0.000000
female,1959,31,9.861311,0.268052,-0.067087,0.000000,9.260686,0.482729,-0.067087,0.000000,0.019375,0.042875,0.135977,0.002453,1.016163,-0.176220,0.005116,-0.000044,0.382316,0.005497,0.004094,0.005125,0.000000
female,1960,31,9.873331,0.257833,-0.061977,0.000000,9.302139,0.456158,-0.061977,0.000000,0.023167,0.059079,0.123822,0.002102,1.188971,-0.189249,0.005442,-0.000047,0.382114,0.006573,0.004895,0.006128,0.000000
female,1961,31,9.902993,0.256954,-0.070440,0.000000,9.311540,0.482362,-0.070440,0.000000,0.016531,0.035010,0.123140,0.002572,0.559608,-0.144615,0.004434,-0.000039,0.381633,0.004690,0.003493,0.004373,0.000000
female,1962,31,9.915669,0.263457,-0.063696,0.000000,9.331075,0.467285,-0.063696,0.000000,0.026522,0.066116,0.117558,0.002995,1.469398,-0.220669,0.006445,-0.000056,0.381238,0.007525,0.005604,0.007016,0.000000
female,1963,31,9.938209,0.250084,-0.071910,0.000000,9.353985,0.480195,-0.071910,0.000000,0.024998,0.076549,0.114552,0.002931,1.077999,-0.193394,0.005873,-0.000053,0.380867,0.007092,0.005282,0.006613,0.000000
female,1964,31,9.921274,0.246261,-0.054018,0.000000,9.388971,0.419117,-0.054018,0.000000,0.028414,0.076439,0.115030,0.002580,1.176648,-0.198082,0.005876,-0.000052,0.380901,0.008062,0.006004,0.007516,0.000000
female,1965,31,9.945377,0.234275,-0.064963,0.000000,9.404232,0.442156,-0.064963,0.000000,0.028479,0.084444,0.109514,0.002565,1.097059,-0.196929,0.006011,-0.000054,0.380598,0.008080,0.006017,0.007533,0.000000
female,1966,31,9.971305,0.238993,-0.055246,0.000000,9.447486,0.415781,-0.055246,0.000000,0.029933,0.074330,0.092000,0.001985,1.006982,-0.188667,0.005795,-0.000052,0.380426,0.008492,0.006324,0.007918,0.000000
female,1967,31,9.997893,0.229876,-0.056093,0.000000,9.486493,0.409374,-0.056093,0.000000,0.027480,0.059679,0.090699,0.002601,0.646571,-0.160550,0.005149,-0.000048,0.380172,0.007797,0.005806,0.007269,0.000000
female,1968,31,10.006840,0.232045,-0.042819,0.000000,9.525953,0.369065,-0.042819,0.000000,0.029439,0.061469,0.082588,0.002924,0.785147,-0.170192,0.005380,-0.000049,0.379972,0.008353,0.006220,0.007787,0.000000
female,1969,31,10.013129,0.238668,-0.040449,0.000000,9.527711,0.368105,-0.040449,0.000000,0.034860,0.077848,0.081888,0.002580,1.225733,-0.209422,0.006485,-0.000059,0.379862,0.009890,0.007365,0.009221,0.000000
female,1970,31,10.053578,0.243651,-0.044364,0.000000,9.550164,0.385617,-0.044364,0.000000,0.025853,0.056480,0.066635,0.002085,-0.016567,-0.112984,0.004136,-0.000041,0.379736,0.007335,0.005462,0.006839,0.000000
female,1971,31,10.086295,0.249623,-0.045333,0.000000,9.570846,0.394688,-0.045333,0.000000,0.023301,0.052474,0.072552,0.001698,-0.798629,-0.052077,0.002653,-0.000029,0.379687,0.006611,0.004923,0.006164,0.000000
female,1972,31,10.090258,0.249595,-0.039741,0.000000,9.589168,0.376766,-0.039741,0.000000,0.020437,0.036200,0.060989,0.001541,-1.326913,-0.008029,0.001482,-0.000019,0.379735,0.005798,0.004318,0.005406,0.000000
female,1973,31,10.111112,0.247362,-0.042041,0.000000,9.607707,0.381894,-0.042041,0.000000,0.017334,0.033083,0.062618,0.001404,-1.519313,0.009758,0.001008,-0.000015,0.379718,0.004918,0.003662,0.004585,0.000000
female,1974,31,10.142743,0.246305,-0.054531,0.000000,9.609055,0.420805,-0.054531,0.000000,0.019360,0.038495,0.065141,0.001326,-2.117071,0.057032,-0.000149,-0.000006,0.379695,0.005493,0.004091,0.005121,0.000000
female,1975,31,10.165020,0.242442,-0.052248,0.000000,9.643359,0.409635,-0.052248,0.000000,0.026237,0.050864,0.055093,0.001089,-2.101683,0.059484,-0.000253,-0.000005,0.379713,0.007444,0.005544,0.006940,0.000000
female,1976,31,10.196833,0.248227,-0.055548,0.000000,9.657468,0.425979,-0.055548,0.000000,0.027631,0.058387,0.049935,0.000860,-1.726891,0.028269,0.000612,-0.000013,0.379704,0.007840,0.005838,0.007309,0.000000
female,1977,31,10.191725,0.243919,-0.050550,0.000000,9.672047,0.405679,-0.050550,0.000000,0.029078,0.060562,0.046040,0.000767,-1.840171,0.040317,0.000227,-0.000009,0.379732,0.008250,0.006144,0.007692,0.000000
female,1978,31,10.203838,0.237078,-0.053701,0.000000,9.687038,0.408922,-0.053701,0.000000,0.030429,0.064931,0.041595,0.001154,-1.649579,0.027856,0.000505,-0.000011,0.379670,0.008633,0.006429,0.008049,0.000000
female,1979,31,10.224734,0.233476,-0.058963,0.000000,9.700227,0.422158,-0.058963,0.000000,0.028056,0.058288,0.032368,0.001648,-2.088635,0.067755,-0.000611,-0.000002,0.379548,0.007960,0.005928,0.007422,0.000000
female,1980,31,10.235066,0.224354,-0.061948,0.000000,9.717514,0.422587,-0.061948,0.000000,0.031443,0.060824,0.023312,0.002214,-1.802057,0.050103,-0.000259,-0.000004,0.379410,0.008921,0.006644,0.008317,0.000000
female,1981,31,10.251631,0.229485,-0.073957,0.000000,9.695126,0.466146,-0.073957,0.000000,0.032103,0.065116,0.015731,0.002114,-1.930870,0.057245,-0.000385,-0.000003,0.379309,0.009108,0.006783,0.008492,0.000000
female,1982,31,10.248882,0.226438,-0.068170,0.000000,9.712066,0.444581,-0.068170,0.000000,0.033545,0.066248,0.024130,0.001985,-1.822473,0.052701,-0.000380,-0.000003,0.379317,0.009518,0.007088,0.008874,0.000000
female,1983,31,10.265263,0.215196,-0.076777,0.000000,9.724399,0.460884,-0.076777,0.000000,0.031993,0.063338,0.009711,0.002014,-1.922249,0.060660,-0.000557,-0.000001,0.379307,0.009077,0.006760,0.008463,0.000000
male,1957,31,10.716300,0.254048,-0.168328,0.000000,9.878902,0.792699,-0.168328,0.000000,0.039096,0.093315,0.170001,0.000322,-3.795165,0.241982,-0.004785,0.000031,0.379421,0.011092,0.008260,0.010342,0.000000
male,1958,31,10.728584,0.236131,-0.172183,0.000000,9.909987,0.787115,-0.172183,0.000000,0.045431,0.119914,0.159861,0.000294,-4.223948,0.275085,-0.005585,0.000037,0.379417,0.012890,0.009599,0.012018,0.000000
male,1959,31,10.727872,0.219572,-0.161509,0.000000,9.963094,0.736401,-0.161509,0.000000,0.046613,0.090507,0.147981,0.000265,-4.262801,0.280463,-0.005776,0.000039,0.379427,0.013225,0.009849,0.012330,0.000000
male,1960,31,10.751840,0.213258,-0.155093,0.000000,10.013590,0.709555,-0.155093,0.000000,0.046481,0.077435,0.157052,0.000208,-4.063671,0.266053,-0.005419,0.000036,0.379438,0.013188,0.009821,0.012295,0.000000
male,1961,31,10.757008,0.195611,-0.153880,0.000000,10.050096,0.688029,-0.153880,0.000000,0.050398,0.115730,0.146704,0.000294,-4.350886,0.289697,-0.006032,0.000041,0.379426,0.014299,0.010649,0.013332,0.000000
male,1962,31,10.769707,0.176123,-0.145463,0.000000,10.115524,0.641606,-0.145463,0.000000,0.046968,0.105550,0.150566,0.000408,-3.995478,0.264475,-0.005415,0.000036,0.379402,0.013326,0.009924,0.012424,0.000000
male,1963,31,10.779024,0.166933,-0.141485,0.000000,10.149730,0.619685,-0.141485,0.000000,0.043055,0.111154,0.134450,0.000380,-3.553570,0.229001,-0.004489,0.000028,0.379385,0.012215,0.009097,0.011389,0.000000
male,1964,31,10.775818,0.148324,-0.131545,0.000000,10.201744,0.569269,-0.131545,0.000000,0.045050,0.125165,0.134745,0.000365,-3.875880,0.258501,-0.005321,0.000035,0.379382,0.012782,0.009519,0.011917,0.000000
male,1965,31,10.781025,0.148844,-0.116340,0.000000,10.245043,0.521134,-0.116340,0.000000,0.040724,0.121003,0.112192,0.000287,-3.402583,0.223724,-0.004505,0.000029,0.379395,0.011554,0.008604,0.010772,0.000000
male,1966,31,10.781188,0.137772,-0.109242,0.000000,10.281093,0.487347,-0.109242,0.000000,0.035116,0.084335,0.114304,0.000265,-3.184246,0.207489,-0.004103,0.000026,0.379404,0.009963,0.007420,0.009289,0.000000
male,1967,31,10.800831,0.147081,-0.095329,0.000000,10.321459,0.452134,-0.095329,0.000000,0.035443,0.080139,0.103788,0.000294,-2.975492,0.192573,-0.003749,0.000023,0.379402,0.010056,0.007489,0.009375,0.000000
male,1968,31,10.789143,0.139326,-0.084813,0.000000,10.349100,0.410727,-0.084813,0.000000,0.034810,0.071904,0.100030,0.000380,-3.052618,0.199385,-0.003938,0.000025,0.379385,0.009876,0.007355,0.009208,0.000000
male,1969,31,10.769420,0.151919,-0.074017,0.000000,10.336865,0.388775,-0.074017,0.000000,0.033366,0.072884,0.084717,0.000351,-2.558583,0.156527,-0.002813,0.000015,0.379380,0.009467,0.007050,0.008826,0.000000
male,1970,31,10.761053,0.164967,-0.071373,0.000000,10.314389,0.393362,-0.071373,0.000000,0.039729,0.082387,0.069192,0.000287,-3.161895,0.199353,-0.003829,0.000023,0.379386,0.011272,0.008394,0.010509,0.000000
male,1971,31,10.778882,0.173637,-0.074656,0.000000,10.309943,0.412537,-0.074656,0.000000,0.040427,0.089770,0.078093,0.000251,-3.237395,0.200888,-0.003751,0.000022,0.379399,0.011470,0.008542,0.010694,0.000000
male,1972,31,10.769782,0.180366,-0.069521,0.000000,10.303223,0.402832,-0.069521,0.000000,0.037366,0.080970,0.060526,0.000215,-3.491916,0.220305,-0.004265,0.000026,0.379413,0.010602,0.007895,0.009884,0.000000
male,1973,31,10.760647,0.181802,-0.075636,0.000000,10.276136,0.423837,-0.075636,0.000000,0.036757,0.079060,0.062255,0.000215,-3.099018,0.186272,-0.003354,0.000018,0.379417,0.010429,0.007766,0.009723,0.000000
male,1974,31,10.746127,0.184809,-0.079354,0.000000,10.247287,0.438741,-0.079354,0.000000,0.039990,0.085121,0.049826,0.000215,-3.428702,0.211737,-0.004031,0.000024,0.379422,0.011346,0.008449,0.010578,0.000000
male,1975,31,10.733262,0.191821,-0.073652,0.000000,10.237800,0.427507,-0.073652,0.000000,0.043689,0.112814,0.046797,0.000193,-3.678624,0.231836,-0.004598,0.000029,0.379423,0.012395,0.009231,0.011557,0.000000
male,1976,31,10.722659,0.190808,-0.066755,0.000000,10.246473,0.404424,-0.066755,0.000000,0.036734,0.094058,0.041450,0.000158,-3.295502,0.202942,-0.003918,0.000024,0.379433,0.010422,0.007762,0.009717,0.000000
male,1977,31,10.715589,0.195782,-0.060307,0.000000,10.247952,0.388765,-0.060307,0.000000,0.032414,0.079916,0.038216,0.000136,-2.859478,0.169579,-0.003125,0.000018,0.379443,0.009197,0.006849,0.008574,0.000000
male,1978,31,10.722085,0.194154,-0.066475,0.000000,10.241262,0.406874,-0.066475,0.000000,0.030219,0.059185,0.023955,0.000208,-2.538583,0.143662,-0.002455,0.000012,0.379438,0.008574,0.006385,0.007994,0.000000
male,1979,31,10.730928,0.201096,-0.077696,0.000000,10.210273,0.449723,-0.077696,0.000000,0.031598,0.058387,0.022832,0.000358,-2.653247,0.151495,-0.002654,0.000014,0.379404,0.008965,0.006676,0.008359,0.000000
male,1980,31,10.732755,0.206915,-0.085987,0.000000,10.181563,0.482075,-0.085987,0.000000,0.030066,0.053935,0.008708,0.000494,-3.086069,0.184845,-0.003522,0.000021,0.379373,0.008530,0.006353,0.007953,0.000000
male,1981,31,10.738082,0.211039,-0.097258,0.000000,10.151438,0.522266,-0.097258,0.000000,0.030593,0.053134,0.002658,0.000451,-3.621918,0.224200,-0.004488,0.000029,0.379360,0.008680,0.006464,0.008093,0.000000
male,1982,31,10.740088,0.215369,-0.105427,0.000000,10.125603,0.552737,-0.105427,0.000000,0.031480,0.053492,0.000192,0.000444,-4.190417,0.265841,-0.005506,0.000037,0.379352,0.008931,0.006651,0.008327,0.000000
male,1983,31,10.738284,0.218714,-0.105769,0.000000,10.117572,0.557176,-0.105769,0.000000,0.031344,0.065892,-0.000521,0.000416,-4.262052,0.270850,-0.005657,0.000039,0.379362,0.008893,0.006623,0.008291,0.000000
