sex,cohort,n_ages,g0,g1,g2,g3,g0_raw,g1_raw,g2_raw,g3_raw,rmse,max_abs_resid,sdlog_gap,max_censored_share,se_g0,se_g1,se_g2,se_g3,h_young,h_old,se_h_young,se_h_old,h_old_filled,n_epuf,n_young,n_old,rmse_gksw,rmse_epuf,J,df,p_value,relevel_shift
female,1957,31,8.961034,0.124846,-0.003588,0.000000,8.752095,0.136327,-0.003588,0.000000,0.069636,0.205612,0.040160,0.003845,0.003426,0.001949,0.001602,0.000000,-0.121538,-0.554836,0.021517,0.020831,0,51,5,15,0.032182,0.084659,2296.075100,76,0.000000,-0.473653
female,1958,31,8.973072,0.138063,-0.006226,0.000000,8.736233,0.157985,-0.006226,0.000000,0.059002,0.186292,0.042895,0.003518,0.003369,0.001825,0.001552,0.000000,-0.088236,-0.562519,0.022352,0.020667,0,51,5,15,0.023820,0.072474,1534.775500,76,0.000000,-0.466270
female,1959,31,9.014552,0.137411,-0.021571,0.000000,8.739473,0.206439,-0.021571,0.000000,0.060018,0.199159,0.042165,0.003007,0.003517,0.001913,0.001565,0.000000,-0.008287,-0.449970,0.022434,0.021158,0,51,5,15,0.026422,0.073263,1912.704100,76,0.000000,-0.457845
female,1960,31,9.028951,0.128470,-0.010697,0.000000,8.796015,0.162702,-0.010697,0.000000,0.048952,0.148135,0.031502,0.002776,0.003445,0.001825,0.001532,0.000000,-0.106315,-0.484943,0.022440,0.018802,0,51,5,15,0.022449,0.059553,1524.944800,76,0.000000,-0.427557
female,1961,31,9.053116,0.135115,-0.020964,0.000000,8.783264,0.202199,-0.020964,0.000000,0.051717,0.196041,0.029809,0.003076,0.003359,0.001905,0.001513,0.000000,0.056196,-0.362600,0.021506,0.019363,0,51,5,15,0.019751,0.063744,1134.335900,76,0.000000,-0.446984
female,1962,31,9.062599,0.134913,-0.011640,0.000000,8.816940,0.172161,-0.011640,0.000000,0.046914,0.152281,0.027352,0.003656,0.003331,0.001782,0.001520,0.000000,-0.064986,-0.471430,0.021697,0.019682,0,50,5,14,0.028225,0.055422,2053.892700,75,0.000000,-0.443530
female,1963,31,9.083966,0.129516,-0.021109,0.000000,8.822702,0.197064,-0.021109,0.000000,0.052785,0.188627,0.027395,0.003365,0.003159,0.001683,0.001487,0.000000,-0.108104,-0.369442,0.021352,0.019043,0,49,5,13,0.029445,0.063249,2070.415400,74,0.000000,-0.460652
female,1964,31,9.110754,0.129683,-0.009373,0.000000,8.879266,0.159678,-0.009373,0.000000,0.047189,0.206586,0.024019,0.003018,0.003242,0.001713,0.001462,0.000000,-0.279728,-0.383946,0.020867,0.018192,0,48,5,12,0.028531,0.056029,2078.262200,73,0.000000,-0.417874
female,1965,31,9.125908,0.116240,-0.011502,0.000000,8.910478,0.153048,-0.011502,0.000000,0.050333,0.245502,0.021240,0.002889,0.003103,0.001700,0.001411,0.000000,-0.441893,-0.295146,0.019610,0.018951,0,47,5,11,0.032986,0.059048,2042.606700,72,0.000000,-0.428491
female,1966,31,9.143685,0.109272,0.001012,0.000000,8.971440,0.106035,0.001012,0.000000,0.048518,0.194858,0.004477,0.002481,0.002850,0.001609,0.001261,0.000000,-0.578996,-0.299639,0.018658,0.019075,0,46,5,10,0.033198,0.056548,2631.964700,71,0.000000,-0.419658
female,1967,31,9.198316,0.101783,-0.003160,0.000000,9.027374,0.111896,-0.003160,0.000000,0.041928,0.120641,0.002935,0.003104,0.002958,0.001563,0.001263,0.000000,-0.534897,-0.195709,0.018040,0.018201,0,45,5,9,0.031868,0.047638,2389.983400,70,0.000000,-0.402085
female,1968,31,9.199926,0.109257,0.026684,0.000000,9.093426,0.023867,0.026684,0.000000,0.048131,0.138172,-0.002649,0.002961,0.002798,0.001543,0.001251,0.000000,-0.731154,-0.372629,0.017088,0.019186,0,44,5,8,0.039254,0.053508,2639.120700,69,0.000000,-0.411508
female,1969,31,9.237428,0.116674,0.017591,0.000000,9.095783,0.060382,0.017591,0.000000,0.043882,0.110173,-0.003730,0.002853,0.002722,0.001527,0.001293,0.000000,-0.672202,-0.288214,0.017961,0.020775,0,43,5,7,0.035297,0.049149,2726.148400,68,0.000000,-0.389942
female,1970,31,9.259890,0.115842,0.018216,0.000000,9.121176,0.057551,0.018216,0.000000,0.042306,0.146062,-0.017284,0.002506,0.002716,0.001560,0.001281,0.000000,-0.724285,-0.304683,0.017386,0.023202,0,42,5,6,0.032818,0.048124,2559.699000,67,0.000000,-0.381803
female,1971,31,9.305706,0.119434,0.014136,0.000000,9.150800,0.074200,0.014136,0.000000,0.047554,0.159974,-0.015927,0.002022,0.002726,0.001382,0.001193,0.000000,-0.781957,-0.303902,0.015991,0.022596,0,41,5,5,0.027980,0.058132,2991.841900,66,0.000000,-0.388757
female,1972,31,9.337295,0.122883,0.015486,0.000000,9.180327,0.073329,0.015486,0.000000,0.041585,0.156484,-0.017065,0.001850,0.002560,0.001348,0.001152,0.000000,-0.738281,-0.300535,0.014762,0.026795,0,40,5,4,0.024236,0.051130,3031.685800,65,0.000000,-0.359017
female,1973,31,9.369731,0.123980,0.004435,0.000000,9.182717,0.109787,0.004435,0.000000,0.042679,0.127829,-0.018387,0.001670,0.002416,0.001344,0.001113,0.000000,-0.663923,-0.375009,0.015353,,1,39,5,3,0.015046,0.055583,1834.034000,65,0.000000,-0.363059
female,1974,31,9.393238,0.138344,-0.011254,0.000000,9.143078,0.174357,-0.011254,0.000000,0.040360,0.119869,-0.021035,0.001470,0.002520,0.001324,0.001131,0.000000,-0.552566,-0.375009,0.015166,,1,38,5,2,0.018585,0.051730,1722.426800,64,0.000000,-0.363753
female,1975,31,9.419894,0.129488,-0.003221,0.000000,9.204468,0.139795,-0.003221,0.000000,0.029469,0.126855,-0.030904,0.001246,0.002555,0.001372,0.001152,0.000000,-0.699487,-0.375009,0.014983,,1,37,5,1,0.021376,0.034831,1987.457000,63,0.000000,-0.358707
female,1976,31,9.449570,0.127325,-0.010832,0.000000,9.218120,0.161986,-0.010832,0.000000,0.039474,0.109872,-0.037522,0.001097,0.002469,0.001272,0.001086,0.000000,-0.828978,-0.375009,0.014116,,1,36,5,0,0.030570,0.045774,3084.125100,62,0.000000,-0.358173
female,1977,31,9.451894,0.125029,-0.006505,0.000000,9.235195,0.145844,-0.006505,0.000000,0.036908,0.107544,-0.040058,0.001047,0.002499,0.001322,0.001123,0.000000,-0.845754,-0.375009,0.013342,,1,35,5,0,0.033916,0.039368,3228.079600,61,0.000000,-0.342402
female,1978,31,9.459958,0.118426,-0.006948,0.000000,9.252690,0.140659,-0.006948,0.000000,0.034079,0.109347,-0.041806,0.001384,0.002398,0.001255,0.001063,0.000000,-0.828574,-0.375009,0.013835,,1,34,5,0,0.031298,0.036430,2553.241200,60,0.000000,-0.356891
female,1979,31,9.462176,0.118607,-0.003175,0.000000,9.264276,0.128766,-0.003175,0.000000,0.032504,0.076697,-0.052074,0.001857,0.002432,0.001328,0.001083,0.000000,-0.928875,-0.375009,0.013973,,1,33,5,0,0.025563,0.037884,2237.477200,59,0.000000,-0.368677
female,1980,31,9.476346,0.118568,-0.010848,0.000000,9.258866,0.153282,-0.010848,0.000000,0.035598,0.115563,-0.054541,0.002488,0.002517,0.001385,0.001120,0.000000,-0.878411,-0.375009,0.013336,,1,32,5,0,0.031882,0.038861,3044.712000,58,0.000000,-0.367812
female,1981,31,9.481807,0.112859,-0.011118,0.000000,9.272771,0.148435,-0.011118,0.000000,0.037875,0.097634,-0.062750,0.002280,0.002578,0.001356,0.001114,0.000000,-0.881971,-0.375009,0.013485,,1,31,5,0,0.037311,0.038431,3505.553400,57,0.000000,-0.371814
female,1982,31,9.483739,0.110265,-0.004663,0.000000,9.295378,0.125187,-0.004663,0.000000,0.037630,0.084270,-0.060744,0.002179,0.002452,0.001390,0.001086,0.000000,-0.908156,-0.375009,0.013611,,1,30,5,0,0.039081,0.036070,3717.627000,56,0.000000,-0.355965
female,1983,31,9.484367,0.104522,-0.015476,0.000000,9.277514,0.154044,-0.015476,0.000000,0.034207,0.073495,-0.068074,0.002122,0.002547,0.001351,0.001108,0.000000,-0.846752,-0.375009,0.012549,,1,29,5,0,0.031599,0.036791,3118.521400,55,0.000000,-0.384995
male,1957,31,10.099897,0.184639,-0.126133,0.000000,9.481574,0.588265,-0.126133,0.000000,0.074925,0.264315,0.080597,0.000236,0.002814,0.001519,0.001254,0.000000,-0.749418,-0.393779,0.019610,0.018123,0,40,5,15,0.025878,0.097188,3644.868500,65,0.000000,-0.294347
male,1958,31,10.130938,0.181205,-0.134858,0.000000,9.495774,0.612750,-0.134858,0.000000,0.054410,0.168627,0.075625,0.000215,0.002839,0.001542,0.001213,0.000000,-0.835602,-0.383454,0.019731,0.019349,0,40,5,15,0.033623,0.066171,3821.948700,65,0.000000,-0.289792
male,1959,31,10.152146,0.158425,-0.149293,0.000000,9.516476,0.636161,-0.149293,0.000000,0.063435,0.178277,0.065659,0.000215,0.002827,0.001551,0.001268,0.000000,-0.513594,-0.267745,0.018591,0.018361,0,42,5,15,0.035555,0.077853,4279.045500,67,0.000000,-0.282237
male,1960,31,10.165785,0.150785,-0.144138,0.000000,9.555536,0.612027,-0.144138,0.000000,0.062228,0.191688,0.068000,0.000150,0.002772,0.001507,0.001253,0.000000,-0.601116,-0.141321,0.017876,0.017369,0,42,5,15,0.034856,0.076378,3768.975200,67,0.000000,-0.296053
male,1961,31,10.168514,0.141314,-0.151684,0.000000,9.554100,0.626703,-0.151684,0.000000,0.062054,0.199784,0.065631,0.000229,0.002864,0.001508,0.001244,0.000000,-0.728068,-0.081432,0.017143,0.017778,0,43,5,15,0.040768,0.073679,5593.339800,68,0.000000,-0.297350
male,1962,31,10.171375,0.117108,-0.141695,0.000000,9.621263,0.570530,-0.141695,0.000000,0.057208,0.172017,0.061003,0.000351,0.002797,0.001524,0.001262,0.000000,-1.069026,-0.056403,0.015925,0.017135,0,42,5,14,0.033916,0.069565,3881.319200,67,0.000000,-0.308139
male,1963,31,10.195305,0.117864,-0.143289,0.000000,9.639903,0.576388,-0.143289,0.000000,0.056148,0.161382,0.046817,0.000308,0.002685,0.001466,0.001285,0.000000,-1.194162,-0.023758,0.016185,0.017920,0,44,5,13,0.035583,0.066946,4952.194500,69,0.000000,-0.311508
male,1964,31,10.192137,0.095968,-0.130061,0.000000,9.705632,0.512163,-0.130061,0.000000,0.063092,0.281300,0.043954,0.000301,0.002681,0.001515,0.001199,0.000000,-1.323922,0.078939,0.016535,0.017693,0,43,5,12,0.033697,0.077664,4199.021600,68,0.000000,-0.307588
male,1965,31,10.174798,0.081224,-0.124427,0.000000,9.726307,0.479389,-0.124427,0.000000,0.045953,0.123620,0.024228,0.000301,0.002629,0.001386,0.001129,0.000000,-1.527375,0.020429,0.015056,0.017268,0,44,5,11,0.030959,0.054075,4073.724900,69,0.000000,-0.315329
male,1966,31,10.184515,0.075397,-0.109641,0.000000,9.783199,0.426248,-0.109641,0.000000,0.035124,0.117001,0.022881,0.000236,0.002666,0.001440,0.001173,0.000000,-1.690786,0.021908,0.014400,0.018000,0,43,5,10,0.026631,0.040148,3351.711900,68,0.000000,-0.303530
male,1967,31,10.180368,0.077970,-0.101916,0.000000,9.794711,0.404102,-0.101916,0.000000,0.036950,0.085249,0.012168,0.000301,0.002658,0.001408,0.001161,0.000000,-1.809760,-0.014856,0.013968,0.017069,0,43,5,9,0.026770,0.042814,3612.636000,68,0.000000,-0.340726
male,1968,31,10.160451,0.071295,-0.088106,0.000000,9.820827,0.353234,-0.088106,0.000000,0.036567,0.076240,0.009014,0.000337,0.002574,0.001336,0.001154,0.000000,-1.772176,-0.027063,0.013619,0.017223,0,43,5,8,0.029970,0.040665,3057.261500,68,0.000000,-0.354650
male,1969,31,10.138604,0.070024,-0.081036,0.000000,9.819114,0.329340,-0.081036,0.000000,0.031001,0.077639,-0.006581,0.000344,0.002597,0.001368,0.001148,0.000000,-1.632372,-0.058937,0.014284,0.019255,0,43,5,7,0.024532,0.034929,2748.435100,68,0.000000,-0.348947
male,1970,31,10.121379,0.086518,-0.084439,0.000000,9.766786,0.356722,-0.084439,0.000000,0.036139,0.073706,-0.023452,0.000308,0.002459,0.001393,0.001080,0.000000,-1.564864,-0.021910,0.014190,0.020581,0,42,5,6,0.031681,0.039105,4174.504400,67,0.000000,-0.364839
male,1971,31,10.118793,0.088581,-0.080808,0.000000,9.770195,0.347167,-0.080808,0.000000,0.038695,0.110490,-0.015518,0.000250,0.002448,0.001254,0.001077,0.000000,-1.759954,-0.019355,0.012713,0.022251,0,41,5,5,0.029078,0.044611,4586.541800,66,0.000000,-0.374473
male,1972,31,10.130126,0.087785,-0.074829,0.000000,9.798108,0.327236,-0.074829,0.000000,0.029560,0.074305,-0.030096,0.000243,0.002507,0.001252,0.001071,0.000000,-1.711755,0.036634,0.012741,0.025408,0,40,5,4,0.025338,0.032456,3338.173100,65,0.000000,-0.333540
male,1973,31,10.084460,0.086161,-0.068023,0.000000,9.772464,0.303833,-0.068023,0.000000,0.028802,0.063465,-0.033722,0.000243,0.002379,0.001278,0.001044,0.000000,-1.564761,-0.083256,0.012681,,1,39,5,3,0.025909,0.030909,3032.253000,65,0.000000,-0.361064
male,1974,31,10.078952,0.099840,-0.077823,0.000000,9.719981,0.348875,-0.077823,0.000000,0.037738,0.097198,-0.041362,0.000236,0.002492,0.001250,0.001064,0.000000,-1.334910,-0.083256,0.013544,,1,38,5,2,0.031030,0.042433,4240.513300,64,0.000000,-0.354552
male,1975,31,10.063774,0.113782,-0.076338,0.000000,9.686297,0.358064,-0.076338,0.000000,0.045051,0.128968,-0.044583,0.000208,0.002503,0.001317,0.001101,0.000000,-1.068644,-0.083256,0.012649,,1,37,5,1,0.035407,0.051765,5621.548000,63,0.000000,-0.374071
male,1976,31,10.055929,0.109554,-0.060761,0.000000,9.725095,0.303988,-0.060761,0.000000,0.038317,0.139396,-0.044052,0.000172,0.002476,0.001248,0.001060,0.000000,-1.020888,-0.083256,0.012444,,1,36,5,0,0.030873,0.043724,6343.580400,62,0.000000,-0.359777
male,1977,31,10.040251,0.108477,-0.053431,0.000000,9.729904,0.279457,-0.053431,0.000000,0.032043,0.064243,-0.046521,0.000150,0.002557,0.001299,0.001112,0.000000,-0.696397,-0.083256,0.012139,,1,35,5,0,0.027623,0.035501,3446.913600,61,0.000000,-0.348049
male,1978,31,10.025515,0.105490,-0.047975,0.000000,9.733915,0.259011,-0.047975,0.000000,0.030952,0.092054,-0.059699,0.000194,0.002455,0.001220,0.001055,0.000000,-0.652038,-0.083256,0.012946,,1,34,5,0,0.022561,0.036980,2411.808400,60,0.000000,-0.375035
male,1979,31,10.025285,0.107371,-0.056487,0.000000,9.708885,0.288129,-0.056487,0.000000,0.024402,0.041745,-0.061259,0.000358,0.002502,0.001348,0.001084,0.000000,-0.708752,-0.083256,0.012676,,1,33,5,0,0.021309,0.026987,1988.772000,59,0.000000,-0.370423
male,1980,31,10.032511,0.117302,-0.060208,0.000000,9.690695,0.309966,-0.060208,0.000000,0.025013,0.052484,-0.071695,0.000437,0.002597,0.001371,0.001136,0.000000,-0.694858,-0.083256,0.012348,,1,32,5,0,0.023382,0.026498,2208.066100,58,0.000000,-0.368725
male,1981,31,10.037495,0.126787,-0.070308,0.000000,9.654647,0.351771,-0.070308,0.000000,0.026451,0.056751,-0.078066,0.000465,0.002662,0.001366,0.001125,0.000000,-0.572543,-0.083256,0.012173,,1,31,5,0,0.026142,0.026757,2676.380700,57,0.000000,-0.366869
male,1982,31,10.047785,0.136753,-0.077651,0.000000,9.630194,0.385237,-0.077651,0.000000,0.026604,0.055237,-0.080156,0.000422,0.002532,0.001390,0.001100,0.000000,-0.423618,-0.083256,0.012495,,1,30,5,0,0.025279,0.027908,2670.867400,56,0.000000,-0.350038
male,1983,31,10.048429,0.135220,-0.078945,0.000000,9.629977,0.387844,-0.078945,0.000000,0.031225,0.061795,-0.080189,0.000409,0.002646,0.001366,0.001130,0.000000,-0.365760,-0.083256,0.012346,,1,29,5,0,0.024973,0.036750,2704.510200,55,0.000000,-0.346279
