sex,cohort,source,g0,g1,g2,g3,g0_raw,g1_raw,g2_raw,g3_raw
male,1892,extrap_back,8.774275,0.194749,-0.148226,0.000000,8.083219,0.669072,-0.148226,0.000000
male,1893,extrap_back,8.796100,0.194749,-0.148226,0.000000,8.105043,0.669072,-0.148226,0.000000
male,1894,extrap_back,8.817924,0.194749,-0.148226,0.000000,8.126867,0.669072,-0.148226,0.000000
male,1895,extrap_back,8.839748,0.194749,-0.148226,0.000000,8.148691,0.669072,-0.148226,0.000000
male,1896,extrap_back,8.861572,0.194749,-0.148226,0.000000,8.170515,0.669072,-0.148226,0.000000
male,1897,extrap_back,8.883396,0.194749,-0.148226,0.000000,8.192340,0.669072,-0.148226,0.000000
male,1898,extrap_back,8.905221,0.194749,-0.148226,0.000000,8.214164,0.669072,-0.148226,0.000000
male,1899,extrap_back,8.927045,0.194749,-0.148226,0.000000,8.235988,0.669072,-0.148226,0.000000
male,1900,extrap_back,8.948869,0.194749,-0.148226,0.000000,8.257812,0.669072,-0.148226,0.000000
male,1901,extrap_back,8.970693,0.194749,-0.148226,0.000000,8.279636,0.669072,-0.148226,0.000000
male,1902,extrap_back,8.992517,0.194749,-0.148226,0.000000,8.301461,0.669072,-0.148226,0.000000
male,1903,extrap_back,9.014342,0.194749,-0.148226,0.000000,8.323285,0.669072,-0.148226,0.000000
male,1904,extrap_back,9.036166,0.194749,-0.148226,0.000000,8.345109,0.669072,-0.148226,0.000000
male,1905,extrap_back,9.057990,0.194749,-0.148226,0.000000,8.366933,0.669072,-0.148226,0.000000
male,1906,extrap_back,9.079814,0.194749,-0.148226,0.000000,8.388757,0.669072,-0.148226,0.000000
male,1907,extrap_back,9.101638,0.194749,-0.148226,0.000000,8.410582,0.669072,-0.148226,0.000000
male,1908,extrap_back,9.123463,0.194749,-0.148226,0.000000,8.432406,0.669072,-0.148226,0.000000
male,1909,extrap_back,9.145287,0.194749,-0.148226,0.000000,8.454230,0.669072,-0.148226,0.000000
male,1910,extrap_back,9.167111,0.194749,-0.148226,0.000000,8.476054,0.669072,-0.148226,0.000000
male,1911,extrap_back,9.188935,0.194749,-0.148226,0.000000,8.497878,0.669072,-0.148226,0.000000
male,1912,extrap_back,9.210759,0.194749,-0.148226,0.000000,8.519703,0.669072,-0.148226,0.000000
male,1913,extrap_back,9.232584,0.194749,-0.148226,0.000000,8.541527,0.669072,-0.148226,0.000000
male,1914,extrap_back,9.254408,0.194749,-0.148226,0.000000,8.563351,0.669072,-0.148226,0.000000
male,1915,extrap_back,9.276232,0.194749,-0.148226,0.000000,8.585175,0.669072,-0.148226,0.000000
male,1916,extrap_back,9.298056,0.194749,-0.148226,0.000000,8.606999,0.669072,-0.148226,0.000000
male,1917,extrap_back,9.319880,0.194749,-0.148226,0.000000,8.628824,0.669072,-0.148226,0.000000
male,1918,extrap_back,9.341705,0.194749,-0.148226,0.000000,8.650648,0.669072,-0.148226,0.000000
male,1919,extrap_back,9.363529,0.194749,-0.148226,0.000000,8.672472,0.669072,-0.148226,0.000000
male,1920,extrap_back,9.385353,0.194749,-0.148226,0.000000,8.694296,0.669072,-0.148226,0.000000
male,1921,extrap_back,9.407177,0.194749,-0.148226,0.000000,8.716120,0.669072,-0.148226,0.000000
male,1922,extrap_back,9.429001,0.194749,-0.148226,0.000000,8.737945,0.669072,-0.148226,0.000000
male,1923,extrap_back,9.450826,0.194749,-0.148226,0.000000,8.759769,0.669072,-0.148226,0.000000
male,1924,extrap_back,9.472650,0.194749,-0.148226,0.000000,8.781593,0.669072,-0.148226,0.000000
male,1925,extrap_back,9.494474,0.194749,-0.148226,0.000000,8.803417,0.669072,-0.148226,0.000000
male,1926,extrap_back,9.516298,0.194749,-0.148226,0.000000,8.825241,0.669072,-0.148226,0.000000
male,1927,extrap_back,9.538122,0.194749,-0.148226,0.000000,8.847066,0.669072,-0.148226,0.000000
male,1928,extrap_back,9.559947,0.194749,-0.148226,0.000000,8.868890,0.669072,-0.148226,0.000000
male,1929,extrap_back,9.581771,0.194749,-0.148226,0.000000,8.890714,0.669072,-0.148226,0.000000
male,1930,extrap_back,9.603595,0.194749,-0.148226,0.000000,8.912538,0.669072,-0.148226,0.000000
male,1931,extrap_back,9.625419,0.194749,-0.148226,0.000000,8.934362,0.669072,-0.148226,0.000000
male,1932,extrap_back,9.647243,0.194749,-0.148226,0.000000,8.956187,0.669072,-0.148226,0.000000
male,1933,extrap_back,9.669068,0.194749,-0.148226,0.000000,8.978011,0.669072,-0.148226,0.000000
male,1934,extrap_back,9.690892,0.194749,-0.148226,0.000000,8.999835,0.669072,-0.148226,0.000000
male,1935,extrap_back,9.712716,0.194749,-0.148226,0.000000,9.021659,0.669072,-0.148226,0.000000
male,1936,extrap_back,9.734540,0.194749,-0.148226,0.000000,9.043483,0.669072,-0.148226,0.000000
male,1937,extrap_back,9.756364,0.194749,-0.148226,0.000000,9.065308,0.669072,-0.148226,0.000000
male,1938,extrap_back,9.690708,0.194749,-0.148226,0.000000,8.999651,0.669072,-0.148226,0.000000
male,1939,extrap_back,9.763651,0.194749,-0.148226,0.000000,9.072594,0.669072,-0.148226,0.000000
male,1940,extrap_back,9.810908,0.194749,-0.148226,0.000000,9.119851,0.669072,-0.148226,0.000000
male,1941,extrap_back,9.846426,0.194749,-0.148226,0.000000,9.155369,0.669072,-0.148226,0.000000
male,1942,extrap_back,9.851927,0.194749,-0.148226,0.000000,9.160870,0.669072,-0.148226,0.000000
male,1943,extrap_back,9.916567,0.194749,-0.148226,0.000000,9.225510,0.669072,-0.148226,0.000000
male,1944,extrap_back,9.940086,0.194749,-0.148226,0.000000,9.249029,0.669072,-0.148226,0.000000
male,1945,extrap_back,9.875410,0.194749,-0.148226,0.000000,9.184353,0.669072,-0.148226,0.000000
male,1946,extrap_back,9.858771,0.194749,-0.148226,0.000000,9.167715,0.669072,-0.148226,0.000000
male,1947,extrap_back,9.913664,0.194749,-0.148226,0.000000,9.222607,0.669072,-0.148226,0.000000
male,1948,extrap_back,9.958158,0.194749,-0.148226,0.000000,9.267101,0.669072,-0.148226,0.000000
male,1949,extrap_back,9.989607,0.194749,-0.148226,0.000000,9.298550,0.669072,-0.148226,0.000000
male,1950,extrap_back,10.040079,0.194749,-0.148226,0.000000,9.349022,0.669072,-0.148226,0.000000
male,1951,extrap_back,10.093363,0.194749,-0.148226,0.000000,9.402307,0.669072,-0.148226,0.000000
male,1952,extrap_back,10.119502,0.194749,-0.148226,0.000000,9.428446,0.669072,-0.148226,0.000000
male,1953,extrap_back,10.164101,0.194749,-0.148226,0.000000,9.473044,0.669072,-0.148226,0.000000
male,1954,extrap_back,10.169664,0.194749,-0.148226,0.000000,9.478607,0.669072,-0.148226,0.000000
male,1955,extrap_back,10.207683,0.194749,-0.148226,0.000000,9.516626,0.669072,-0.148226,0.000000
male,1956,extrap_back,10.251947,0.194749,-0.148226,0.000000,9.560890,0.669072,-0.148226,0.000000
male,1957,fit,10.252118,0.228507,-0.143002,0.000000,9.520422,0.686113,-0.143002,0.000000
male,1958,fit,10.271192,0.211448,-0.155528,0.000000,9.534724,0.709138,-0.155528,0.000000
male,1959,fit,10.264751,0.187863,-0.147478,0.000000,9.586627,0.659793,-0.147478,0.000000
male,1960,fit,10.299843,0.178936,-0.144150,0.000000,9.644521,0.640216,-0.144150,0.000000
male,1961,fit,10.312343,0.166989,-0.150973,0.000000,9.658670,0.650103,-0.150973,0.000000
male,1962,fit,10.322390,0.141223,-0.143672,0.000000,9.728633,0.600973,-0.143672,0.000000
male,1963,fit,10.328423,0.131890,-0.142130,0.000000,9.753546,0.586706,-0.142130,0.000000
male,1964,fit,10.331357,0.123606,-0.129416,0.000000,9.802282,0.537737,-0.129416,0.000000
male,1965,fit,10.319677,0.118724,-0.113437,0.000000,9.839320,0.481722,-0.113437,0.000000
male,1966,fit,10.315118,0.105345,-0.101400,0.000000,9.886982,0.429825,-0.101400,0.000000
male,1967,fit,10.337877,0.114751,-0.093609,0.000000,9.914636,0.414300,-0.093609,0.000000
male,1968,fit,10.323306,0.107625,-0.074311,0.000000,9.960870,0.345420,-0.074311,0.000000
male,1969,fit,10.294537,0.119964,-0.063813,0.000000,9.939233,0.324166,-0.063813,0.000000
male,1970,fit,10.285177,0.134247,-0.069480,0.000000,9.892513,0.356583,-0.069480,0.000000
male,1971,fit,10.315727,0.144039,-0.076296,0.000000,9.889947,0.388186,-0.076296,0.000000
male,1972,fit,10.299704,0.149068,-0.070197,0.000000,9.881491,0.373698,-0.070197,0.000000
male,1973,fit,10.278833,0.142877,-0.074842,0.000000,9.858634,0.382371,-0.074842,0.000000
male,1974,fit,10.270086,0.157706,-0.080156,0.000000,9.812557,0.414205,-0.080156,0.000000
male,1975,fit,10.260332,0.160388,-0.074028,0.000000,9.814200,0.397278,-0.074028,0.000000
male,1976,fit,10.241625,0.156019,-0.061860,0.000000,9.833633,0.353971,-0.061860,0.000000
male,1977,fit,10.223904,0.153302,-0.047653,0.000000,9.856629,0.305792,-0.047653,0.000000
male,1978,fit,10.232617,0.145219,-0.044947,0.000000,9.885202,0.289049,-0.044947,0.000000
male,1979,fit,10.226358,0.149067,-0.052909,0.000000,9.852404,0.318376,-0.052909,0.000000
male,1980,fit,10.238081,0.159566,-0.058869,0.000000,9.832071,0.347947,-0.058869,0.000000
male,1981,fit,10.233353,0.169202,-0.065909,0.000000,9.793903,0.380111,-0.065909,0.000000
male,1982,fit,10.248019,0.173801,-0.080340,0.000000,9.764267,0.430889,-0.080340,0.000000
male,1983,fit,10.244145,0.179668,-0.080897,0.000000,9.749580,0.438538,-0.080897,0.000000
male,1984,extrap_fwd,10.284833,0.166261,-0.067785,0.000000,9.845286,0.383172,-0.067785,0.000000
male,1985,extrap_fwd,10.293204,0.166261,-0.067785,0.000000,9.853658,0.383172,-0.067785,0.000000
male,1986,extrap_fwd,10.318446,0.166261,-0.067785,0.000000,9.878900,0.383172,-0.067785,0.000000
male,1987,extrap_fwd,10.338616,0.166261,-0.067785,0.000000,9.899070,0.383172,-0.067785,0.000000
male,1988,extrap_fwd,10.352952,0.166261,-0.067785,0.000000,9.913406,0.383172,-0.067785,0.000000
male,1989,extrap_fwd,10.352971,0.166261,-0.067785,0.000000,9.913425,0.383172,-0.067785,0.000000
male,1990,extrap_fwd,10.343647,0.166261,-0.067785,0.000000,9.904100,0.383172,-0.067785,0.000000
male,1991,extrap_fwd,10.336614,0.166261,-0.067785,0.000000,9.897068,0.383172,-0.067785,0.000000
male,1992,extrap_fwd,10.358454,0.166261,-0.067785,0.000000,9.918907,0.383172,-0.067785,0.000000
male,1993,extrap_fwd,10.353630,0.166261,-0.067785,0.000000,9.914083,0.383172,-0.067785,0.000000
male,1994,extrap_fwd,10.373730,0.166261,-0.067785,0.000000,9.934184,0.383172,-0.067785,0.000000
male,1995,extrap_fwd,10.395215,0.166261,-0.067785,0.000000,9.955669,0.383172,-0.067785,0.000000
male,1996,extrap_fwd,10.410457,0.166261,-0.067785,0.000000,9.970911,0.383172,-0.067785,0.000000
male,1997,extrap_fwd,10.447235,0.166261,-0.067785,0.000000,10.007689,0.383172,-0.067785,0.000000
male,1998,extrap_fwd,10.499903,0.166261,-0.067785,0.000000,10.060357,0.383172,-0.067785,0.000000
male,1999,extrap_fwd,10.536530,0.166261,-0.067785,0.000000,10.096983,0.383172,-0.067785,0.000000
male,2000,extrap_fwd,10.565700,0.166261,-0.067785,0.000000,10.126153,0.383172,-0.067785,0.000000
male,2001,extrap_fwd,10.562645,0.166261,-0.067785,0.000000,10.123099,0.383172,-0.067785,0.000000
male,2002,extrap_fwd,10.556481,0.166261,-0.067785,0.000000,10.116935,0.383172,-0.067785,0.000000
male,2003,extrap_fwd,10.565057,0.166261,-0.067785,0.000000,10.125511,0.383172,-0.067785,0.000000
male,2004,extrap_fwd,10.587053,0.166261,-0.067785,0.000000,10.147507,0.383172,-0.067785,0.000000
male,2005,extrap_fwd,10.599597,0.166261,-0.067785,0.000000,10.160050,0.383172,-0.067785,0.000000
male,2006,extrap_fwd,10.622341,0.166261,-0.067785,0.000000,10.182795,0.383172,-0.067785,0.000000
male,2007,extrap_fwd,10.639390,0.166261,-0.067785,0.000000,10.199843,0.383172,-0.067785,0.000000
male,2008,extrap_fwd,10.629596,0.166261,-0.067785,0.000000,10.190050,0.383172,-0.067785,0.000000
male,2009,extrap_fwd,10.609740,0.166261,-0.067785,0.000000,10.170194,0.383172,-0.067785,0.000000
male,2010,extrap_fwd,10.617622,0.166261,-0.067785,0.000000,10.178076,0.383172,-0.067785,0.000000
male,2011,extrap_fwd,10.623882,0.166261,-0.067785,0.000000,10.184336,0.383172,-0.067785,0.000000
male,2012,extrap_fwd,10.641195,0.166261,-0.067785,0.000000,10.201649,0.383172,-0.067785,0.000000
male,2013,extrap_fwd,10.637005,0.166261,-0.067785,0.000000,10.197458,0.383172,-0.067785,0.000000
male,2014,extrap_fwd,10.659998,0.166261,-0.067785,0.000000,10.220452,0.383172,-0.067785,0.000000
male,2015,extrap_fwd,10.690380,0.166261,-0.067785,0.000000,10.250834,0.383172,-0.067785,0.000000
male,2016,extrap_fwd,10.692601,0.166261,-0.067785,0.000000,10.253055,0.383172,-0.067785,0.000000
male,2017,extrap_fwd,10.709254,0.166261,-0.067785,0.000000,10.269707,0.383172,-0.067785,0.000000
male,2018,extrap_fwd,10.724985,0.166261,-0.067785,0.000000,10.285439,0.383172,-0.067785,0.000000
male,2019,extrap_fwd,10.744249,0.166261,-0.067785,0.000000,10.304703,0.383172,-0.067785,0.000000
male,2020,extrap_fwd,10.762633,0.166261,-0.067785,0.000000,10.323087,0.383172,-0.067785,0.000000
male,2021,extrap_fwd,10.811060,0.166261,-0.067785,0.000000,10.371514,0.383172,-0.067785,0.000000
male,2022,extrap_fwd,10.797792,0.166261,-0.067785,0.000000,10.358246,0.383172,-0.067785,0.000000
male,2023,extrap_fwd,10.799291,0.166261,-0.067785,0.000000,10.359744,0.383172,-0.067785,0.000000
male,2024,extrap_fwd,10.811219,0.166261,-0.067785,0.000000,10.371673,0.383172,-0.067785,0.000000
male,2025,extrap_fwd,10.827290,0.166261,-0.067785,0.000000,10.387743,0.383172,-0.067785,0.000000
male,2026,extrap_fwd,10.843753,0.166261,-0.067785,0.000000,10.404207,0.383172,-0.067785,0.000000
male,2027,extrap_fwd,10.860020,0.166261,-0.067785,0.000000,10.420474,0.383172,-0.067785,0.000000
male,2028,extrap_fwd,10.875598,0.166261,-0.067785,0.000000,10.436052,0.383172,-0.067785,0.000000
male,2029,extrap_fwd,10.891472,0.166261,-0.067785,0.000000,10.451925,0.383172,-0.067785,0.000000
male,2030,extrap_fwd,10.907050,0.166261,-0.067785,0.000000,10.467503,0.383172,-0.067785,0.000000
male,2031,extrap_fwd,10.922332,0.166261,-0.067785,0.000000,10.482786,0.383172,-0.067785,0.000000
male,2032,extrap_fwd,10.935545,0.166261,-0.067785,0.000000,10.495998,0.383172,-0.067785,0.000000
male,2033,extrap_fwd,10.947868,0.166261,-0.067785,0.000000,10.508322,0.383172,-0.067785,0.000000
male,2034,extrap_fwd,10.960093,0.166261,-0.067785,0.000000,10.520547,0.383172,-0.067785,0.000000
male,2035,extrap_fwd,10.972318,0.166261,-0.067785,0.000000,10.532772,0.383172,-0.067785,0.000000
male,2036,extrap_fwd,10.984543,0.166261,-0.067785,0.000000,10.544997,0.383172,-0.067785,0.000000
male,2037,extrap_fwd,10.996768,0.166261,-0.067785,0.000000,10.557222,0.383172,-0.067785,0.000000
male,2038,extrap_fwd,11.008894,0.166261,-0.067785,0.000000,10.569348,0.383172,-0.067785,0.000000
male,2039,extrap_fwd,11.021021,0.166261,-0.067785,0.000000,10.581474,0.383172,-0.067785,0.000000
male,2040,extrap_fwd,11.032949,0.166261,-0.067785,0.000000,10.593403,0.383172,-0.067785,0.000000
male,2041,extrap_fwd,11.044680,0.166261,-0.067785,0.000000,10.605134,0.383172,-0.067785,0.000000
male,2042,extrap_fwd,11.056213,0.166261,-0.067785,0.000000,10.616667,0.383172,-0.067785,0.000000
male,2043,extrap_fwd,11.067648,0.166261,-0.067785,0.000000,10.628101,0.383172,-0.067785,0.000000
male,2044,extrap_fwd,11.078884,0.166261,-0.067785,0.000000,10.639338,0.383172,-0.067785,0.000000
male,2045,extrap_fwd,11.089923,0.166261,-0.067785,0.000000,10.650377,0.383172,-0.067785,0.000000
male,2046,extrap_fwd,11.100863,0.166261,-0.067785,0.000000,10.661317,0.383172,-0.067785,0.000000
male,2047,extrap_fwd,11.111803,0.166261,-0.067785,0.000000,10.672257,0.383172,-0.067785,0.000000
male,2048,extrap_fwd,11.122743,0.166261,-0.067785,0.000000,10.683197,0.383172,-0.067785,0.000000
male,2049,extrap_fwd,11.133683,0.166261,-0.067785,0.000000,10.694137,0.383172,-0.067785,0.000000
male,2050,extrap_fwd,11.144623,0.166261,-0.067785,0.000000,10.705077,0.383172,-0.067785,0.000000
male,2051,extrap_fwd,11.155563,0.166261,-0.067785,0.000000,10.716016,0.383172,-0.067785,0.000000
male,2052,extrap_fwd,11.166503,0.166261,-0.067785,0.000000,10.726956,0.383172,-0.067785,0.000000
male,2053,extrap_fwd,11.177443,0.166261,-0.067785,0.000000,10.737896,0.383172,-0.067785,0.000000
male,2054,extrap_fwd,11.188383,0.166261,-0.067785,0.000000,10.748836,0.383172,-0.067785,0.000000
male,2055,extrap_fwd,11.199224,0.166261,-0.067785,0.000000,10.759677,0.383172,-0.067785,0.000000
male,2056,extrap_fwd,11.210164,0.166261,-0.067785,0.000000,10.770617,0.383172,-0.067785,0.000000
male,2057,extrap_fwd,11.221104,0.166261,-0.067785,0.000000,10.781557,0.383172,-0.067785,0.000000
male,2058,extrap_fwd,11.232142,0.166261,-0.067785,0.000000,10.792596,0.383172,-0.067785,0.000000
male,2059,extrap_fwd,11.243280,0.166261,-0.067785,0.000000,10.803734,0.383172,-0.067785,0.000000
male,2060,extrap_fwd,11.254418,0.166261,-0.067785,0.000000,10.814872,0.383172,-0.067785,0.000000
male,2061,extrap_fwd,11.265655,0.166261,-0.067785,0.000000,10.826108,0.383172,-0.067785,0.000000
male,2062,extrap_fwd,11.276891,0.166261,-0.067785,0.000000,10.837345,0.383172,-0.067785,0.000000
male,2063,extrap_fwd,11.288128,0.166261,-0.067785,0.000000,10.848581,0.383172,-0.067785,0.000000
male,2064,extrap_fwd,11.299463,0.166261,-0.067785,0.000000,10.859917,0.383172,-0.067785,0.000000
male,2065,extrap_fwd,11.310799,0.166261,-0.067785,0.000000,10.871252,0.383172,-0.067785,0.000000
male,2066,extrap_fwd,11.322134,0.166261,-0.067785,0.000000,10.882588,0.383172,-0.067785,0.000000
male,2067,extrap_fwd,11.333470,0.166261,-0.067785,0.000000,10.893923,0.383172,-0.067785,0.000000
male,2068,extrap_fwd,11.344805,0.166261,-0.067785,0.000000,10.905259,0.383172,-0.067785,0.000000
male,2069,extrap_fwd,11.356141,0.166261,-0.067785,0.000000,10.916594,0.383172,-0.067785,0.000000
male,2070,extrap_fwd,11.367476,0.166261,-0.067785,0.000000,10.927930,0.383172,-0.067785,0.000000
male,2071,extrap_fwd,11.378812,0.166261,-0.067785,0.000000,10.939266,0.383172,-0.067785,0.000000
male,2072,extrap_fwd,11.390049,0.166261,-0.067785,0.000000,10.950502,0.383172,-0.067785,0.000000
male,2073,extrap_fwd,11.401285,0.166261,-0.067785,0.000000,10.961739,0.383172,-0.067785,0.000000
male,2074,extrap_fwd,11.412522,0.166261,-0.067785,0.000000,10.972975,0.383172,-0.067785,0.000000
male,2075,extrap_fwd,11.423857,0.166261,-0.067785,0.000000,10.984311,0.383172,-0.067785,0.000000
male,2076,extrap_fwd,11.435193,0.166261,-0.067785,0.000000,10.995646,0.383172,-0.067785,0.000000
male,2077,extrap_fwd,11.446528,0.166261,-0.067785,0.000000,11.006982,0.383172,-0.067785,0.000000
male,2078,extrap_fwd,11.457864,0.166261,-0.067785,0.000000,11.018317,0.383172,-0.067785,0.000000
male,2079,extrap_fwd,11.469100,0.166261,-0.067785,0.000000,11.029554,0.383172,-0.067785,0.000000
male,2080,extrap_fwd,11.480337,0.166261,-0.067785,0.000000,11.040791,0.383172,-0.067785,0.000000
male,2081,extrap_fwd,11.491574,0.166261,-0.067785,0.000000,11.052027,0.383172,-0.067785,0.000000
male,2082,extrap_fwd,11.502810,0.166261,-0.067785,0.000000,11.063264,0.383172,-0.067785,0.000000
male,2083,extrap_fwd,11.514047,0.166261,-0.067785,0.000000,11.074501,0.383172,-0.067785,0.000000
male,2084,extrap_fwd,11.525284,0.166261,-0.067785,0.000000,11.085737,0.383172,-0.067785,0.000000
male,2085,extrap_fwd,11.536520,0.166261,-0.067785,0.000000,11.096974,0.383172,-0.067785,0.000000
male,2086,extrap_fwd,11.547757,0.166261,-0.067785,0.000000,11.108210,0.383172,-0.067785,0.000000
male,2087,extrap_fwd,11.558993,0.166261,-0.067785,0.000000,11.119447,0.383172,-0.067785,0.000000
male,2088,extrap_fwd,11.570230,0.166261,-0.067785,0.000000,11.130684,0.383172,-0.067785,0.000000
male,2089,extrap_fwd,11.581467,0.166261,-0.067785,0.000000,11.141920,0.383172,-0.067785,0.000000
male,2090,extrap_fwd,11.592605,0.166261,-0.067785,0.000000,11.153058,0.383172,-0.067785,0.000000
male,2091,extrap_fwd,11.603742,0.166261,-0.067785,0.000000,11.164196,0.383172,-0.067785,0.000000
male,2092,extrap_fwd,11.614880,0.166261,-0.067785,0.000000,11.175334,0.383172,-0.067785,0.000000
male,2093,extrap_fwd,11.626018,0.166261,-0.067785,0.000000,11.186471,0.383172,-0.067785,0.000000
male,2094,extrap_fwd,11.637155,0.166261,-0.067785,0.000000,11.197609,0.383172,-0.067785,0.000000
male,2095,extrap_fwd,11.648293,0.166261,-0.067785,0.000000,11.208747,0.383172,-0.067785,0.000000
male,2096,extrap_fwd,11.659431,0.166261,-0.067785,0.000000,11.219885,0.383172,-0.067785,0.000000
male,2097,extrap_fwd,11.670569,0.166261,-0.067785,0.000000,11.231022,0.383172,-0.067785,0.000000
male,2098,extrap_fwd,11.681706,0.166261,-0.067785,0.000000,11.242160,0.383172,-0.067785,0.000000
male,2099,extrap_fwd,11.692844,0.166261,-0.067785,0.000000,11.253298,0.383172,-0.067785,0.000000
male,2100,extrap_fwd,11.703982,0.166261,-0.067785,0.000000,11.264436,0.383172,-0.067785,0.000000
male,2101,extrap_fwd,11.715120,0.166261,-0.067785,0.000000,11.275573,0.383172,-0.067785,0.000000
male,2102,extrap_fwd,11.726257,0.166261,-0.067785,0.000000,11.286711,0.383172,-0.067785,0.000000
male,2103,extrap_fwd,11.737395,0.166261,-0.067785,0.000000,11.297849,0.383172,-0.067785,0.000000
male,2104,extrap_fwd,11.748533,0.166261,-0.067785,0.000000,11.308987,0.383172,-0.067785,0.000000
male,2105,extrap_fwd,11.759671,0.166261,-0.067785,0.000000,11.320124,0.383172,-0.067785,0.000000
female,1892,extrap_back,7.761930,0.154286,-0.012069,0.000000,7.484176,0.192906,-0.012069,0.000000
female,1893,extrap_back,7.783754,0.154286,-0.012069,0.000000,7.506000,0.192906,-0.012069,0.000000
female,1894,extrap_back,7.805578,0.154286,-0.012069,0.000000,7.527825,0.192906,-0.012069,0.000000
female,1895,extrap_back,7.827402,0.154286,-0.012069,0.000000,7.549649,0.192906,-0.012069,0.000000
female,1896,extrap_back,7.849227,0.154286,-0.012069,0.000000,7.571473,0.192906,-0.012069,0.000000
female,1897,extrap_back,7.871051,0.154286,-0.012069,0.000000,7.593297,0.192906,-0.012069,0.000000
female,1898,extrap_back,7.892875,0.154286,-0.012069,0.000000,7.615121,0.192906,-0.012069,0.000000
female,1899,extrap_back,7.914699,0.154286,-0.012069,0.000000,7.636946,0.192906,-0.012069,0.000000
female,1900,extrap_back,7.936523,0.154286,-0.012069,0.000000,7.658770,0.192906,-0.012069,0.000000
female,1901,extrap_back,7.958348,0.154286,-0.012069,0.000000,7.680594,0.192906,-0.012069,0.000000
female,1902,extrap_back,7.980172,0.154286,-0.012069,0.000000,7.702418,0.192906,-0.012069,0.000000
female,1903,extrap_back,8.001996,0.154286,-0.012069,0.000000,7.724242,0.192906,-0.012069,0.000000
female,1904,extrap_back,8.023820,0.154286,-0.012069,0.000000,7.746067,0.192906,-0.012069,0.000000
female,1905,extrap_back,8.045644,0.154286,-0.012069,0.000000,7.767891,0.192906,-0.012069,0.000000
female,1906,extrap_back,8.067469,0.154286,-0.012069,0.000000,7.789715,0.192906,-0.012069,0.000000
female,1907,extrap_back,8.089293,0.154286,-0.012069,0.000000,7.811539,0.192906,-0.012069,0.000000
female,1908,extrap_back,8.111117,0.154286,-0.012069,0.000000,7.833363,0.192906,-0.012069,0.000000
female,1909,extrap_back,8.132941,0.154286,-0.012069,0.000000,7.855188,0.192906,-0.012069,0.000000
female,1910,extrap_back,8.154765,0.154286,-0.012069,0.000000,7.877012,0.192906,-0.012069,0.000000
female,1911,extrap_back,8.176590,0.154286,-0.012069,0.000000,7.898836,0.192906,-0.012069,0.000000
female,1912,extrap_back,8.198414,0.154286,-0.012069,0.000000,7.920660,0.192906,-0.012069,0.000000
female,1913,extrap_back,8.220238,0.154286,-0.012069,0.000000,7.942484,0.192906,-0.012069,0.000000
female,1914,extrap_back,8.242062,0.154286,-0.012069,0.000000,7.964309,0.192906,-0.012069,0.000000
female,1915,extrap_back,8.263886,0.154286,-0.012069,0.000000,7.986133,0.192906,-0.012069,0.000000
female,1916,extrap_back,8.285711,0.154286,-0.012069,0.000000,8.007957,0.192906,-0.012069,0.000000
female,1917,extrap_back,8.307535,0.154286,-0.012069,0.000000,8.029781,0.192906,-0.012069,0.000000
female,1918,extrap_back,8.329359,0.154286,-0.012069,0.000000,8.051605,0.192906,-0.012069,0.000000
female,1919,extrap_back,8.351183,0.154286,-0.012069,0.000000,8.073430,0.192906,-0.012069,0.000000
female,1920,extrap_back,8.373007,0.154286,-0.012069,0.000000,8.095254,0.192906,-0.012069,0.000000
female,1921,extrap_back,8.394832,0.154286,-0.012069,0.000000,8.117078,0.192906,-0.012069,0.000000
female,1922,extrap_back,8.416656,0.154286,-0.012069,0.000000,8.138902,0.192906,-0.012069,0.000000
female,1923,extrap_back,8.438480,0.154286,-0.012069,0.000000,8.160726,0.192906,-0.012069,0.000000
female,1924,extrap_back,8.460304,0.154286,-0.012069,0.000000,8.182551,0.192906,-0.012069,0.000000
female,1925,extrap_back,8.482128,0.154286,-0.012069,0.000000,8.204375,0.192906,-0.012069,0.000000
female,1926,extrap_back,8.503953,0.154286,-0.012069,0.000000,8.226199,0.192906,-0.012069,0.000000
female,1927,extrap_back,8.525777,0.154286,-0.012069,0.000000,8.248023,0.192906,-0.012069,0.000000
female,1928,extrap_back,8.547601,0.154286,-0.012069,0.000000,8.269847,0.192906,-0.012069,0.000000
female,1929,extrap_back,8.569425,0.154286,-0.012069,0.000000,8.291672,0.192906,-0.012069,0.000000
female,1930,extrap_back,8.591249,0.154286,-0.012069,0.000000,8.313496,0.192906,-0.012069,0.000000
female,1931,extrap_back,8.613074,0.154286,-0.012069,0.000000,8.335320,0.192906,-0.012069,0.000000
female,1932,extrap_back,8.634898,0.154286,-0.012069,0.000000,8.357144,0.192906,-0.012069,0.000000
female,1933,extrap_back,8.656722,0.154286,-0.012069,0.000000,8.378968,0.192906,-0.012069,0.000000
female,1934,extrap_back,8.678546,0.154286,-0.012069,0.000000,8.400793,0.192906,-0.012069,0.000000
female,1935,extrap_back,8.700370,0.154286,-0.012069,0.000000,8.422617,0.192906,-0.012069,0.000000
female,1936,extrap_back,8.722195,0.154286,-0.012069,0.000000,8.444441,0.192906,-0.012069,0.000000
female,1937,extrap_back,8.744019,0.154286,-0.012069,0.000000,8.466265,0.192906,-0.012069,0.000000
female,1938,extrap_back,8.678363,0.154286,-0.012069,0.000000,8.400609,0.192906,-0.012069,0.000000
female,1939,extrap_back,8.751306,0.154286,-0.012069,0.000000,8.473552,0.192906,-0.012069,0.000000
female,1940,extrap_back,8.798562,0.154286,-0.012069,0.000000,8.520808,0.192906,-0.012069,0.000000
female,1941,extrap_back,8.834080,0.154286,-0.012069,0.000000,8.556326,0.192906,-0.012069,0.000000
female,1942,extrap_back,8.839581,0.154286,-0.012069,0.000000,8.561828,0.192906,-0.012069,0.000000
female,1943,extrap_back,8.904221,0.154286,-0.012069,0.000000,8.626468,0.192906,-0.012069,0.000000
female,1944,extrap_back,8.927740,0.154286,-0.012069,0.000000,8.649986,0.192906,-0.012069,0.000000
female,1945,extrap_back,8.863064,0.154286,-0.012069,0.000000,8.585310,0.192906,-0.012069,0.000000
female,1946,extrap_back,8.846426,0.154286,-0.012069,0.000000,8.568672,0.192906,-0.012069,0.000000
female,1947,extrap_back,8.901318,0.154286,-0.012069,0.000000,8.623565,0.192906,-0.012069,0.000000
female,1948,extrap_back,8.945812,0.154286,-0.012069,0.000000,8.668058,0.192906,-0.012069,0.000000
female,1949,extrap_back,8.977261,0.154286,-0.012069,0.000000,8.699508,0.192906,-0.012069,0.000000
female,1950,extrap_back,9.027733,0.154286,-0.012069,0.000000,8.749980,0.192906,-0.012069,0.000000
female,1951,extrap_back,9.081018,0.154286,-0.012069,0.000000,8.803264,0.192906,-0.012069,0.000000
female,1952,extrap_back,9.107157,0.154286,-0.012069,0.000000,8.829403,0.192906,-0.012069,0.000000
female,1953,extrap_back,9.151755,0.154286,-0.012069,0.000000,8.874002,0.192906,-0.012069,0.000000
female,1954,extrap_back,9.157318,0.154286,-0.012069,0.000000,8.879565,0.192906,-0.012069,0.000000
female,1955,extrap_back,9.195338,0.154286,-0.012069,0.000000,8.917584,0.192906,-0.012069,0.000000
female,1956,extrap_back,9.239602,0.154286,-0.012069,0.000000,8.961848,0.192906,-0.012069,0.000000
female,1957,fit,9.230804,0.144335,0.001821,0.000000,9.004530,0.138508,0.001821,0.000000
female,1958,fit,9.252442,0.163312,-0.006267,0.000000,8.975099,0.183366,-0.006267,0.000000
female,1959,fit,9.273920,0.156011,-0.016763,0.000000,8.981389,0.209653,-0.016763,0.000000
female,1960,fit,9.273468,0.153839,-0.017049,0.000000,8.983680,0.208396,-0.017049,0.000000
female,1961,fit,9.307885,0.153931,-0.022087,0.000000,9.005053,0.224609,-0.022087,0.000000
female,1962,fit,9.320038,0.144276,-0.010094,0.000000,9.063356,0.176577,-0.010094,0.000000
female,1963,fit,9.357128,0.151176,-0.018751,0.000000,9.067244,0.211179,-0.018751,0.000000
female,1964,fit,9.336502,0.144338,-0.004923,0.000000,9.092958,0.160092,-0.004923,0.000000
female,1965,fit,9.372649,0.141724,-0.011810,0.000000,9.115657,0.179516,-0.011810,0.000000
female,1966,fit,9.391246,0.141329,-0.005880,0.000000,9.150067,0.160145,-0.005880,0.000000
female,1967,fit,9.424528,0.134674,-0.007182,0.000000,9.190664,0.157656,-0.007182,0.000000
female,1968,fit,9.431434,0.136906,0.017470,0.000000,9.257108,0.081002,0.017470,0.000000
female,1969,fit,9.439628,0.141768,0.017545,0.000000,9.257714,0.085624,0.017545,0.000000
female,1970,fit,9.482407,0.155483,0.015328,0.000000,9.272874,0.106433,0.015328,0.000000
female,1971,fit,9.519471,0.166711,0.011912,0.000000,9.283228,0.128593,0.011912,0.000000
female,1972,fit,9.537393,0.172917,0.009171,0.000000,9.284204,0.143570,0.009171,0.000000
female,1973,fit,9.563225,0.176559,-0.004688,0.000000,9.268729,0.191561,-0.004688,0.000000
female,1974,fit,9.598598,0.185755,-0.021092,0.000000,9.247394,0.253249,-0.021092,0.000000
female,1975,fit,9.618698,0.171979,-0.017801,0.000000,9.297961,0.228942,-0.017801,0.000000
female,1976,fit,9.655662,0.165164,-0.022673,0.000000,9.333357,0.237718,-0.022673,0.000000
female,1977,fit,9.654154,0.161148,-0.019633,0.000000,9.346057,0.223974,-0.019633,0.000000
female,1978,fit,9.676861,0.157649,-0.016321,0.000000,9.382841,0.209876,-0.016321,0.000000
female,1979,fit,9.681060,0.150342,-0.012196,0.000000,9.409291,0.189369,-0.012196,0.000000
female,1980,fit,9.691588,0.150075,-0.016658,0.000000,9.408824,0.203381,-0.016658,0.000000
female,1981,fit,9.720399,0.150118,-0.026278,0.000000,9.412939,0.234208,-0.026278,0.000000
female,1982,fit,9.710821,0.145878,-0.017572,0.000000,9.432432,0.202108,-0.017572,0.000000
female,1983,fit,9.732002,0.141224,-0.023078,0.000000,9.446964,0.215074,-0.023078,0.000000
female,1984,extrap_fwd,9.754015,0.147527,-0.019156,0.000000,9.468931,0.208828,-0.019156,0.000000
female,1985,extrap_fwd,9.762387,0.147527,-0.019156,0.000000,9.477303,0.208828,-0.019156,0.000000
female,1986,extrap_fwd,9.787629,0.147527,-0.019156,0.000000,9.502545,0.208828,-0.019156,0.000000
female,1987,extrap_fwd,9.807799,0.147527,-0.019156,0.000000,9.522715,0.208828,-0.019156,0.000000
female,1988,extrap_fwd,9.822135,0.147527,-0.019156,0.000000,9.537051,0.208828,-0.019156,0.000000
female,1989,extrap_fwd,9.822154,0.147527,-0.019156,0.000000,9.537070,0.208828,-0.019156,0.000000
female,1990,extrap_fwd,9.812829,0.147527,-0.019156,0.000000,9.527745,0.208828,-0.019156,0.000000
female,1991,extrap_fwd,9.805797,0.147527,-0.019156,0.000000,9.520712,0.208828,-0.019156,0.000000
female,1992,extrap_fwd,9.827636,0.147527,-0.019156,0.000000,9.542552,0.208828,-0.019156,0.000000
female,1993,extrap_fwd,9.822812,0.147527,-0.019156,0.000000,9.537728,0.208828,-0.019156,0.000000
female,1994,extrap_fwd,9.842913,0.147527,-0.019156,0.000000,9.557829,0.208828,-0.019156,0.000000
female,1995,extrap_fwd,9.864398,0.147527,-0.019156,0.000000,9.579314,0.208828,-0.019156,0.000000
female,1996,extrap_fwd,9.879640,0.147527,-0.019156,0.000000,9.594556,0.208828,-0.019156,0.000000
female,1997,extrap_fwd,9.916418,0.147527,-0.019156,0.000000,9.631334,0.208828,-0.019156,0.000000
female,1998,extrap_fwd,9.969086,0.147527,-0.019156,0.000000,9.684002,0.208828,-0.019156,0.000000
female,1999,extrap_fwd,10.005713,0.147527,-0.019156,0.000000,9.720628,0.208828,-0.019156,0.000000
female,2000,extrap_fwd,10.034882,0.147527,-0.019156,0.000000,9.749798,0.208828,-0.019156,0.000000
female,2001,extrap_fwd,10.031828,0.147527,-0.019156,0.000000,9.746744,0.208828,-0.019156,0.000000
female,2002,extrap_fwd,10.025664,0.147527,-0.019156,0.000000,9.740580,0.208828,-0.019156,0.000000
female,2003,extrap_fwd,10.034240,0.147527,-0.019156,0.000000,9.749156,0.208828,-0.019156,0.000000
female,2004,extrap_fwd,10.056236,0.147527,-0.019156,0.000000,9.771152,0.208828,-0.019156,0.000000
female,2005,extrap_fwd,10.068779,0.147527,-0.019156,0.000000,9.783695,0.208828,-0.019156,0.000000
female,2006,extrap_fwd,10.091524,0.147527,-0.019156,0.000000,9.806440,0.208828,-0.019156,0.000000
female,2007,extrap_fwd,10.108573,0.147527,-0.019156,0.000000,9.823488,0.208828,-0.019156,0.000000
female,2008,extrap_fwd,10.098779,0.147527,-0.019156,0.000000,9.813695,0.208828,-0.019156,0.000000
female,2009,extrap_fwd,10.078923,0.147527,-0.019156,0.000000,9.793839,0.208828,-0.019156,0.000000
female,2010,extrap_fwd,10.086805,0.147527,-0.019156,0.000000,9.801721,0.208828,-0.019156,0.000000
female,2011,extrap_fwd,10.093065,0.147527,-0.019156,0.000000,9.807981,0.208828,-0.019156,0.000000
female,2012,extrap_fwd,10.110378,0.147527,-0.019156,0.000000,9.825294,0.208828,-0.019156,0.000000
female,2013,extrap_fwd,10.106188,0.147527,-0.019156,0.000000,9.821103,0.208828,-0.019156,0.000000
female,2014,extrap_fwd,10.129181,0.147527,-0.019156,0.000000,9.844097,0.208828,-0.019156,0.000000
female,2015,extrap_fwd,10.159563,0.147527,-0.019156,0.000000,9.874479,0.208828,-0.019156,0.000000
female,2016,extrap_fwd,10.161784,0.147527,-0.019156,0.000000,9.876700,0.208828,-0.019156,0.000000
female,2017,extrap_fwd,10.178437,0.147527,-0.019156,0.000000,9.893352,0.208828,-0.019156,0.000000
female,2018,extrap_fwd,10.194168,0.147527,-0.019156,0.000000,9.909084,0.208828,-0.019156,0.000000
female,2019,extrap_fwd,10.213432,0.147527,-0.019156,0.000000,9.928348,0.208828,-0.019156,0.000000
female,2020,extrap_fwd,10.231816,0.147527,-0.019156,0.000000,9.946732,0.208828,-0.019156,0.000000
female,2021,extrap_fwd,10.280243,0.147527,-0.019156,0.000000,9.995159,0.208828,-0.019156,0.000000
female,2022,extrap_fwd,10.266975,0.147527,-0.019156,0.000000,9.981891,0.208828,-0.019156,0.000000
female,2023,extrap_fwd,10.268474,0.147527,-0.019156,0.000000,9.983389,0.208828,-0.019156,0.000000
female,2024,extrap_fwd,10.280402,0.147527,-0.019156,0.000000,9.995318,0.208828,-0.019156,0.000000
female,2025,extrap_fwd,10.296472,0.147527,-0.019156,0.000000,10.011388,0.208828,-0.019156,0.000000
female,2026,extrap_fwd,10.312936,0.147527,-0.019156,0.000000,10.027852,0.208828,-0.019156,0.000000
female,2027,extrap_fwd,10.329203,0.147527,-0.019156,0.000000,10.044119,0.208828,-0.019156,0.000000
female,2028,extrap_fwd,10.344781,0.147527,-0.019156,0.000000,10.059697,0.208828,-0.019156,0.000000
female,2029,extrap_fwd,10.360654,0.147527,-0.019156,0.000000,10.075570,0.208828,-0.019156,0.000000
female,2030,extrap_fwd,10.376232,0.147527,-0.019156,0.000000,10.091148,0.208828,-0.019156,0.000000
female,2031,extrap_fwd,10.391515,0.147527,-0.019156,0.000000,10.106431,0.208828,-0.019156,0.000000
female,2032,extrap_fwd,10.404727,0.147527,-0.019156,0.000000,10.119643,0.208828,-0.019156,0.000000
female,2033,extrap_fwd,10.417051,0.147527,-0.019156,0.000000,10.131967,0.208828,-0.019156,0.000000
female,2034,extrap_fwd,10.429276,0.147527,-0.019156,0.000000,10.144192,0.208828,-0.019156,0.000000
female,2035,extrap_fwd,10.441501,0.147527,-0.019156,0.000000,10.156417,0.208828,-0.019156,0.000000
female,2036,extrap_fwd,10.453726,0.147527,-0.019156,0.000000,10.168642,0.208828,-0.019156,0.000000
female,2037,extrap_fwd,10.465951,0.147527,-0.019156,0.000000,10.180867,0.208828,-0.019156,0.000000
female,2038,extrap_fwd,10.478077,0.147527,-0.019156,0.000000,10.192993,0.208828,-0.019156,0.000000
female,2039,extrap_fwd,10.490203,0.147527,-0.019156,0.000000,10.205119,0.208828,-0.019156,0.000000
female,2040,extrap_fwd,10.502132,0.147527,-0.019156,0.000000,10.217048,0.208828,-0.019156,0.000000
female,2041,extrap_fwd,10.513863,0.147527,-0.019156,0.000000,10.228779,0.208828,-0.019156,0.000000
female,2042,extrap_fwd,10.525396,0.147527,-0.019156,0.000000,10.240312,0.208828,-0.019156,0.000000
female,2043,extrap_fwd,10.536831,0.147527,-0.019156,0.000000,10.251746,0.208828,-0.019156,0.000000
female,2044,extrap_fwd,10.548067,0.147527,-0.019156,0.000000,10.262983,0.208828,-0.019156,0.000000
female,2045,extrap_fwd,10.559106,0.147527,-0.019156,0.000000,10.274022,0.208828,-0.019156,0.000000
female,2046,extrap_fwd,10.570046,0.147527,-0.019156,0.000000,10.284962,0.208828,-0.019156,0.000000
female,2047,extrap_fwd,10.580986,0.147527,-0.019156,0.000000,10.295902,0.208828,-0.019156,0.000000
female,2048,extrap_fwd,10.591926,0.147527,-0.019156,0.000000,10.306842,0.208828,-0.019156,0.000000
female,2049,extrap_fwd,10.602866,0.147527,-0.019156,0.000000,10.317782,0.208828,-0.019156,0.000000
female,2050,extrap_fwd,10.613806,0.147527,-0.019156,0.000000,10.328721,0.208828,-0.019156,0.000000
female,2051,extrap_fwd,10.624746,0.147527,-0.019156,0.000000,10.339661,0.208828,-0.019156,0.000000
female,2052,extrap_fwd,10.635686,0.147527,-0.019156,0.000000,10.350601,0.208828,-0.019156,0.000000
female,2053,extrap_fwd,10.646626,0.147527,-0.019156,0.000000,10.361541,0.208828,-0.019156,0.000000
female,2054,extrap_fwd,10.657565,0.147527,-0.019156,0.000000,10.372481,0.208828,-0.019156,0.000000
female,2055,extrap_fwd,10.668406,0.147527,-0.019156,0.000000,10.383322,0.208828,-0.019156,0.000000
female,2056,extrap_fwd,10.679346,0.147527,-0.019156,0.000000,10.394262,0.208828,-0.019156,0.000000
female,2057,extrap_fwd,10.690286,0.147527,-0.019156,0.000000,10.405202,0.208828,-0.019156,0.000000
female,2058,extrap_fwd,10.701325,0.147527,-0.019156,0.000000,10.416241,0.208828,-0.019156,0.000000
female,2059,extrap_fwd,10.712463,0.147527,-0.019156,0.000000,10.427379,0.208828,-0.019156,0.000000
female,2060,extrap_fwd,10.723601,0.147527,-0.019156,0.000000,10.438516,0.208828,-0.019156,0.000000
female,2061,extrap_fwd,10.734837,0.147527,-0.019156,0.000000,10.449753,0.208828,-0.019156,0.000000
female,2062,extrap_fwd,10.746074,0.147527,-0.019156,0.000000,10.460990,0.208828,-0.019156,0.000000
female,2063,extrap_fwd,10.757311,0.147527,-0.019156,0.000000,10.472226,0.208828,-0.019156,0.000000
female,2064,extrap_fwd,10.768646,0.147527,-0.019156,0.000000,10.483562,0.208828,-0.019156,0.000000
female,2065,extrap_fwd,10.779982,0.147527,-0.019156,0.000000,10.494897,0.208828,-0.019156,0.000000
female,2066,extrap_fwd,10.791317,0.147527,-0.019156,0.000000,10.506233,0.208828,-0.019156,0.000000
female,2067,extrap_fwd,10.802653,0.147527,-0.019156,0.000000,10.517568,0.208828,-0.019156,0.000000
female,2068,extrap_fwd,10.813988,0.147527,-0.019156,0.000000,10.528904,0.208828,-0.019156,0.000000
female,2069,extrap_fwd,10.825324,0.147527,-0.019156,0.000000,10.540239,0.208828,-0.019156,0.000000
female,2070,extrap_fwd,10.836659,0.147527,-0.019156,0.000000,10.551575,0.208828,-0.019156,0.000000
female,2071,extrap_fwd,10.847995,0.147527,-0.019156,0.000000,10.562910,0.208828,-0.019156,0.000000
female,2072,extrap_fwd,10.859231,0.147527,-0.019156,0.000000,10.574147,0.208828,-0.019156,0.000000
female,2073,extrap_fwd,10.870468,0.147527,-0.019156,0.000000,10.585384,0.208828,-0.019156,0.000000
female,2074,extrap_fwd,10.881705,0.147527,-0.019156,0.000000,10.596620,0.208828,-0.019156,0.000000
female,2075,extrap_fwd,10.893040,0.147527,-0.019156,0.000000,10.607956,0.208828,-0.019156,0.000000
female,2076,extrap_fwd,10.904376,0.147527,-0.019156,0.000000,10.619291,0.208828,-0.019156,0.000000
female,2077,extrap_fwd,10.915711,0.147527,-0.019156,0.000000,10.630627,0.208828,-0.019156,0.000000
female,2078,extrap_fwd,10.927047,0.147527,-0.019156,0.000000,10.641962,0.208828,-0.019156,0.000000
female,2079,extrap_fwd,10.938283,0.147527,-0.019156,0.000000,10.653199,0.208828,-0.019156,0.000000
female,2080,extrap_fwd,10.949520,0.147527,-0.019156,0.000000,10.664436,0.208828,-0.019156,0.000000
female,2081,extrap_fwd,10.960757,0.147527,-0.019156,0.000000,10.675672,0.208828,-0.019156,0.000000
female,2082,extrap_fwd,10.971993,0.147527,-0.019156,0.000000,10.686909,0.208828,-0.019156,0.000000
female,2083,extrap_fwd,10.983230,0.147527,-0.019156,0.000000,10.698146,0.208828,-0.019156,0.000000
female,2084,extrap_fwd,10.994466,0.147527,-0.019156,0.000000,10.709382,0.208828,-0.019156,0.000000
female,2085,extrap_fwd,11.005703,0.147527,-0.019156,0.000000,10.720619,0.208828,-0.019156,0.000000
female,2086,extrap_fwd,11.016940,0.147527,-0.019156,0.000000,10.731855,0.208828,-0.019156,0.000000
female,2087,extrap_fwd,11.028176,0.147527,-0.019156,0.000000,10.743092,0.208828,-0.019156,0.000000
female,2088,extrap_fwd,11.039413,0.147527,-0.019156,0.000000,10.754329,0.208828,-0.019156,0.000000
female,2089,extrap_fwd,11.050650,0.147527,-0.019156,0.000000,10.765565,0.208828,-0.019156,0.000000
female,2090,extrap_fwd,11.061787,0.147527,-0.019156,0.000000,10.776703,0.208828,-0.019156,0.000000
female,2091,extrap_fwd,11.072925,0.147527,-0.019156,0.000000,10.787841,0.208828,-0.019156,0.000000
female,2092,extrap_fwd,11.084063,0.147527,-0.019156,0.000000,10.798979,0.208828,-0.019156,0.000000
female,2093,extrap_fwd,11.095201,0.147527,-0.019156,0.000000,10.810116,0.208828,-0.019156,0.000000
female,2094,extrap_fwd,11.106338,0.147527,-0.019156,0.000000,10.821254,0.208828,-0.019156,0.000000
female,2095,extrap_fwd,11.117476,0.147527,-0.019156,0.000000,10.832392,0.208828,-0.019156,0.000000
female,2096,extrap_fwd,11.128614,0.147527,-0.019156,0.000000,10.843530,0.208828,-0.019156,0.000000
female,2097,extrap_fwd,11.139752,0.147527,-0.019156,0.000000,10.854667,0.208828,-0.019156,0.000000
female,2098,extrap_fwd,11.150889,0.147527,-0.019156,0.000000,10.865805,0.208828,-0.019156,0.000000
female,2099,extrap_fwd,11.162027,0.147527,-0.019156,0.000000,10.876943,0.208828,-0.019156,0.000000
female,2100,extrap_fwd,11.173165,0.147527,-0.019156,0.000000,10.888081,0.208828,-0.019156,0.000000
female,2101,extrap_fwd,11.184302,0.147527,-0.019156,0.000000,10.899218,0.208828,-0.019156,0.000000
female,2102,extrap_fwd,11.195440,0.147527,-0.019156,0.000000,10.910356,0.208828,-0.019156,0.000000
female,2103,extrap_fwd,11.206578,0.147527,-0.019156,0.000000,10.921494,0.208828,-0.019156,0.000000
female,2104,extrap_fwd,11.217716,0.147527,-0.019156,0.000000,10.932632,0.208828,-0.019156,0.000000
female,2105,extrap_fwd,11.228853,0.147527,-0.019156,0.000000,10.943769,0.208828,-0.019156,0.000000
