stage,theta,f,nfev,a_m,a_f,g_N,k,k_t,k_t2,ten_gam,start_a_m,start_a_f,start_g_N,start_k,start_k_t,start_k_t2,start_ten_gam
polish,1.00000,37.11348,200,-6.20729,-0.26928,1.32313,-5.01079,-1.86272,0.55957,-0.54130,-6.20943,-0.27191,1.31935,-5.01127,-1.86346,0.56006,-0.54733
local,0.99500,37.14848,120,-6.20943,-0.27191,1.31935,-5.01127,-1.86346,0.56006,-0.54733,-6.20943,-0.27191,1.31935,-5.01127,-1.86346,0.56006,-0.54733
local,0.99500,37.16389,120,-6.21064,-0.27480,1.33190,-5.01384,-1.86939,0.56166,-0.55335,-6.16961,-0.24359,1.28964,-5.02069,-1.87932,0.54021,-0.64674
local,0.99049,37.17789,120,-6.18628,-0.24824,1.31630,-5.00963,-1.86649,0.53363,-0.62590,-6.15137,-0.25389,1.29559,-5.02378,-1.87615,0.53329,-0.64786
local,0.99500,37.18444,120,-6.20764,-0.25909,1.32221,-5.01445,-1.85187,0.55636,-0.53084,-6.20764,-0.25909,1.32221,-5.01445,-1.85187,0.55636,-0.53084
local,0.99500,37.19468,120,-6.17337,-0.26669,1.32822,-4.99855,-1.90676,0.57065,-0.68230,-6.19308,-0.26178,1.33306,-5.01983,-1.86357,0.56021,-0.53952
local,0.99500,37.20041,120,-6.18748,-0.24281,1.35732,-4.97693,-1.86314,0.55603,-0.47963,-6.20406,-0.27411,1.34698,-5.02027,-1.86905,0.55912,-0.54260
local,0.85789,37.20637,120,-6.18231,-0.24599,1.29961,-5.01981,-1.88006,0.54722,-0.64586,-6.47711,-0.38995,1.08580,-4.92014,-1.89199,0.54093,-0.57822
local,0.99500,37.20690,120,-6.19860,-0.27456,1.31872,-5.01166,-1.84747,0.55361,-0.53463,-6.19860,-0.27456,1.31872,-5.01166,-1.84747,0.55361,-0.53463
local,0.99500,37.20832,120,-6.11679,-0.21063,1.26361,-5.02284,-1.87746,0.56456,-0.44742,-6.21506,-0.26182,1.31995,-5.01378,-1.86709,0.55496,-0.54615
local,0.98617,37.20933,120,-6.23412,-0.26877,1.32067,-5.00323,-1.83977,0.52856,-0.53149,-6.18384,-0.25096,1.31119,-5.04304,-1.84030,0.53395,-0.61027
local,0.99500,37.21127,120,-6.19699,-0.26219,1.30933,-5.01169,-1.85061,0.55604,-0.52741,-6.19699,-0.26219,1.30933,-5.01169,-1.85061,0.55604,-0.52741
local,0.99500,37.21496,120,-6.21655,-0.29183,1.34257,-5.01516,-1.85748,0.55771,-0.55196,-6.21655,-0.29183,1.34257,-5.01516,-1.85748,0.55771,-0.55196
local,0.99500,37.21593,120,-6.21084,-0.27424,1.32714,-5.02704,-1.85057,0.55607,-0.53777,-6.21084,-0.27424,1.32714,-5.02704,-1.85057,0.55607,-0.53777
local,0.99500,37.21630,120,-6.22017,-0.28740,1.33288,-5.01389,-1.85879,0.55865,-0.55134,-6.22017,-0.28740,1.33288,-5.01389,-1.85879,0.55865,-0.55134
local,0.99500,37.21672,120,-6.20622,-0.26606,1.33394,-5.01898,-1.85359,0.55612,-0.54098,-6.20622,-0.26606,1.33394,-5.01898,-1.85359,0.55612,-0.54098
local,0.86442,37.21784,120,-6.19619,-0.21839,1.29617,-5.03232,-1.95204,0.58904,-0.62220,-6.22827,-0.62245,1.74271,-4.99434,-1.87867,0.39359,-0.59648
local,0.99500,37.22049,120,-6.17942,-0.24037,1.29867,-5.02659,-1.87398,0.54494,-0.60627,-6.16658,-0.23765,1.28725,-5.03381,-1.87939,0.54640,-0.62455
local,0.99475,37.22111,120,-6.17609,-0.24116,1.31874,-5.01141,-1.87399,0.54843,-0.63963,-6.18047,-0.22867,1.29584,-5.02293,-1.87934,0.54072,-0.64051
local,0.99500,37.22112,120,-6.20300,-0.27633,1.32170,-5.02658,-1.85926,0.56030,-0.54658,-6.20300,-0.27633,1.32170,-5.02658,-1.85926,0.56030,-0.54658
local,0.99500,37.22182,120,-6.21239,-0.26341,1.32445,-5.02105,-1.85368,0.55788,-0.54086,-6.21239,-0.26341,1.32445,-5.02105,-1.85368,0.55788,-0.54086
local,0.99500,37.23045,120,-6.21769,-0.26806,1.33128,-5.00989,-1.85078,0.55282,-0.53753,-6.21769,-0.26806,1.33128,-5.00989,-1.85078,0.55282,-0.53753
local,0.99500,37.23178,120,-6.16762,-0.17947,1.29058,-5.00549,-1.87927,0.56308,-0.50250,-6.20313,-0.28363,1.33263,-5.03212,-1.86251,0.55980,-0.54427
local,0.99500,37.23641,120,-6.20639,-0.26667,1.32178,-5.02072,-1.86337,0.55622,-0.53830,-6.20639,-0.26667,1.32178,-5.02072,-1.86337,0.55622,-0.53830
local,0.99500,37.23959,120,-6.20960,-0.26530,1.33751,-5.02276,-1.85567,0.55865,-0.54716,-6.20960,-0.26530,1.33751,-5.02276,-1.85567,0.55865,-0.54716
local,0.99500,37.24684,120,-6.21243,-0.26918,1.33643,-5.01511,-1.85822,0.55415,-0.53985,-6.21243,-0.26918,1.33643,-5.01511,-1.85822,0.55415,-0.53985
local,0.99500,37.24723,120,-6.20901,-0.25623,1.34325,-4.98499,-1.86094,0.54886,-0.49131,-6.22017,-0.26910,1.32462,-5.03148,-1.85137,0.55409,-0.54812
local,0.97625,37.25054,120,-6.14100,-0.24798,1.39867,-5.02080,-1.92039,0.54166,-0.62504,-6.10018,-0.19684,1.23023,-5.07227,-1.86811,0.51779,-0.55274
local,0.96136,37.25083,120,-6.23930,-0.21781,1.36315,-4.96677,-1.96480,0.56698,-0.58644,-6.06562,-0.22821,1.19416,-4.98709,-1.88149,0.48881,-0.55160
local,0.99500,37.25240,120,-6.19042,-0.27053,1.33784,-5.00667,-1.89321,0.56729,-0.57726,-6.20288,-0.27509,1.34918,-5.03513,-1.85427,0.55401,-0.54865
local,0.99500,37.25251,120,-6.18222,-0.25717,1.31165,-5.03321,-1.85193,0.55826,-0.52860,-6.18222,-0.25717,1.31165,-5.03321,-1.85193,0.55826,-0.52860
local,0.99500,37.25326,120,-6.15213,-0.23647,1.29107,-4.95917,-1.86940,0.53140,-0.48800,-6.16369,-0.24378,1.30076,-5.03581,-1.87072,0.54135,-0.62917
local,0.99500,37.25364,120,-6.18733,-0.25991,1.31157,-5.02199,-1.84467,0.55532,-0.53134,-6.18733,-0.25991,1.31157,-5.02199,-1.84467,0.55532,-0.53134
local,0.99500,37.25377,120,-6.19964,-0.26666,1.32413,-5.03470,-1.85752,0.55845,-0.52945,-6.19964,-0.26666,1.32413,-5.03470,-1.85752,0.55845,-0.52945
local,0.99500,37.25406,120,-6.21125,-0.26530,1.33254,-5.00964,-1.86309,0.55372,-0.54007,-6.21125,-0.26530,1.33254,-5.00964,-1.86309,0.55372,-0.54007
local,0.98726,37.25419,120,-6.17654,-0.22006,1.29764,-5.04640,-1.83103,0.53224,-0.60370,-6.15272,-0.21280,1.28296,-5.06541,-1.83587,0.53186,-0.64235
local,0.99156,37.25470,120,-6.20421,-0.24565,1.28740,-5.01204,-1.84627,0.53256,-0.64114,-6.20189,-0.24131,1.27412,-5.02048,-1.85245,0.53453,-0.63876
local,0.99500,37.25764,120,-6.18951,-0.25247,1.31468,-5.02052,-1.84519,0.55361,-0.52729,-6.18951,-0.25247,1.31468,-5.02052,-1.84519,0.55361,-0.52729
local,0.99500,37.25931,120,-6.19495,-0.26700,1.30531,-5.02121,-1.85876,0.56026,-0.52793,-6.19495,-0.26700,1.30531,-5.02121,-1.85876,0.56026,-0.52793
local,0.99500,37.25977,120,-6.20069,-0.26444,1.31474,-5.03301,-1.85363,0.55976,-0.54579,-6.20069,-0.26444,1.31474,-5.03301,-1.85363,0.55976,-0.54579
local,0.99500,37.26167,120,-6.20936,-0.26825,1.31979,-5.00671,-1.86260,0.55706,-0.52820,-6.20936,-0.26825,1.31979,-5.00671,-1.86260,0.55706,-0.52820
local,0.99500,37.26224,120,-6.19048,-0.26035,1.32228,-5.02175,-1.86366,0.56099,-0.53504,-6.19048,-0.26035,1.32228,-5.02175,-1.86366,0.56099,-0.53504
local,0.99500,37.26304,120,-6.19755,-0.28183,1.32883,-5.02729,-1.85732,0.55988,-0.54148,-6.19755,-0.28183,1.32883,-5.02729,-1.85732,0.55988,-0.54148
local,0.99263,37.26606,120,-6.24855,-0.21112,1.32489,-4.98830,-1.90307,0.55038,-0.57134,-6.16364,-0.22367,1.28091,-5.04549,-1.87252,0.54483,-0.61484
local,0.98290,37.26647,120,-6.15426,-0.23723,1.31574,-5.00300,-1.88192,0.54339,-0.58354,-6.16154,-0.25494,1.32987,-5.01051,-1.88137,0.54144,-0.60031
local,0.99500,37.26676,120,-6.20075,-0.26714,1.33231,-5.02779,-1.84512,0.55498,-0.54087,-6.20075,-0.26714,1.33231,-5.02779,-1.84512,0.55498,-0.54087
local,0.99500,37.26731,120,-6.15663,-0.24496,1.30200,-5.02464,-1.86699,0.56298,-0.58553,-6.17205,-0.24562,1.28825,-5.03040,-1.86355,0.54193,-0.63441
local,0.99500,37.26872,120,-6.20280,-0.26006,1.31969,-5.03213,-1.85106,0.55719,-0.54424,-6.20280,-0.26006,1.31969,-5.03213,-1.85106,0.55719,-0.54424
local,0.93318,37.26916,120,-6.24922,-0.27362,1.34164,-5.02307,-1.96311,0.60674,-0.51407,-6.07332,-0.30508,1.45414,-5.27477,-1.85592,0.53378,-0.53372
local,0.99500,37.27228,120,-6.20023,-0.26600,1.32939,-5.00912,-1.86521,0.55562,-0.54907,-6.20023,-0.26600,1.32939,-5.00912,-1.86521,0.55562,-0.54907
local,0.99500,37.27238,120,-6.19033,-0.27293,1.31301,-5.03041,-1.85061,0.55670,-0.54136,-6.19033,-0.27293,1.31301,-5.03041,-1.85061,0.55670,-0.54136
local,0.99500,37.27286,120,-6.19475,-0.26170,1.34337,-4.99912,-1.86685,0.56753,-0.49268,-6.22316,-0.26653,1.33326,-5.02265,-1.85149,0.55667,-0.55387
local,0.99500,37.27301,120,-6.20640,-0.25500,1.31223,-5.02005,-1.85461,0.55594,-0.53946,-6.20640,-0.25500,1.31223,-5.02005,-1.85461,0.55594,-0.53946
local,0.99500,37.27430,120,-6.22160,-0.27579,1.33112,-5.00705,-1.86887,0.55507,-0.54915,-6.22160,-0.27579,1.33112,-5.00705,-1.86887,0.55507,-0.54915
local,0.99500,37.27604,120,-6.21034,-0.25970,1.31417,-5.03368,-1.86252,0.56124,-0.54133,-6.21034,-0.25970,1.31417,-5.03368,-1.86252,0.56124,-0.54133
local,0.94078,37.27842,120,-6.20848,-0.24093,1.30113,-5.00132,-1.80417,0.52185,-0.64410,-6.12178,-0.07522,1.23707,-5.15178,-1.78178,0.47898,-0.60049
local,0.99500,37.27855,120,-6.20712,-0.26723,1.31740,-5.00953,-1.86666,0.55710,-0.55337,-6.20712,-0.26723,1.31740,-5.00953,-1.86666,0.55710,-0.55337
local,0.99500,37.27938,120,-6.08052,-0.29545,1.34767,-4.99606,-1.86349,0.55750,-0.56681,-6.20510,-0.27688,1.33657,-5.02391,-1.85543,0.55653,-0.53672
local,0.99500,37.28052,120,-6.20876,-0.27246,1.32704,-5.02512,-1.85669,0.55683,-0.53576,-6.20876,-0.27246,1.32704,-5.02512,-1.85669,0.55683,-0.53576
local,0.99500,37.28139,120,-6.21104,-0.26804,1.34440,-5.01632,-1.86307,0.55732,-0.54776,-6.21104,-0.26804,1.34440,-5.01632,-1.86307,0.55732,-0.54776
local,0.99369,37.28157,120,-6.19117,-0.26425,1.27233,-4.99936,-1.85249,0.54270,-0.52745,-6.15945,-0.22429,1.28259,-5.03814,-1.86890,0.54013,-0.62566
local,0.99500,37.28194,120,-6.18854,-0.23699,1.30910,-5.01918,-1.87260,0.54009,-0.64370,-6.18854,-0.23699,1.30910,-5.01918,-1.87260,0.54009,-0.64370
local,0.99500,37.28366,120,-6.21230,-0.23404,1.34225,-4.97431,-1.84650,0.53060,-0.52071,-6.19472,-0.25646,1.32947,-5.03538,-1.85639,0.55560,-0.53595
local,0.99500,37.28388,120,-6.18521,-0.25035,1.31963,-5.02423,-1.84834,0.55557,-0.51642,-6.19612,-0.25730,1.32898,-5.03125,-1.85051,0.55702,-0.53131
local,0.99500,37.28831,120,-6.18504,-0.26827,1.30528,-5.01951,-1.84900,0.55708,-0.52586,-6.19849,-0.27949,1.31358,-5.02380,-1.84505,0.55586,-0.54163
local,0.92142,37.29077,120,-6.16968,-0.07260,1.25481,-4.97922,-1.94791,0.56220,-0.46239,-6.01270,0.02819,1.06863,-4.99546,-1.86664,0.47466,-0.44591
local,0.99500,37.29144,120,-6.20234,-0.26472,1.33098,-5.02051,-1.86016,0.55357,-0.53851,-6.20234,-0.26472,1.33098,-5.02051,-1.86016,0.55357,-0.53851
local,0.99500,37.29312,120,-6.21412,-0.25876,1.32251,-5.01367,-1.86645,0.55825,-0.54953,-6.21412,-0.25876,1.32251,-5.01367,-1.86645,0.55825,-0.54953
local,0.99500,37.29329,120,-6.20275,-0.26312,1.28817,-4.98291,-1.84244,0.54095,-0.53271,-6.20857,-0.28125,1.33270,-5.02340,-1.85539,0.55319,-0.54067
local,0.99500,37.29345,120,-6.23806,-0.27523,1.33754,-4.98762,-1.86825,0.55553,-0.57037,-6.18927,-0.26827,1.32147,-5.03598,-1.86812,0.56147,-0.53208
local,0.86117,37.29571,120,-6.13832,-0.24565,1.25947,-4.98257,-1.92063,0.57868,-0.52160,-5.99591,-0.24441,1.20717,-5.41722,-1.90405,0.56369,-0.58483
local,0.91196,37.29603,120,-6.45055,-0.27135,1.55468,-4.98481,-1.86381,0.51960,-0.69627,-6.33400,-0.29097,1.40982,-5.43200,-1.84588,0.58378,-0.64891
local,0.99500,37.29824,120,-6.15302,-0.23067,1.27257,-4.99093,-1.85379,0.55365,-0.46190,-6.21686,-0.27244,1.34593,-5.03850,-1.86876,0.56272,-0.55264
local,0.99500,37.29870,120,-6.18670,-0.26658,1.34354,-4.97887,-1.86484,0.55853,-0.45796,-6.20893,-0.25268,1.31410,-5.00967,-1.85878,0.55579,-0.53789
local,0.98399,37.29925,120,-6.19526,-0.26151,1.38557,-4.97869,-1.86510,0.55096,-0.53934,-6.22598,-0.26270,1.32916,-5.01420,-1.87001,0.53319,-0.62271
local,0.99500,37.30177,120,-6.12675,-0.21847,1.24236,-5.01903,-1.86827,0.56240,-0.44774,-6.20318,-0.26052,1.33543,-5.01758,-1.86179,0.55638,-0.54636
local,0.99500,37.30303,120,-6.19554,-0.26313,1.32548,-5.02088,-1.86121,0.55598,-0.54592,-6.19554,-0.26313,1.32548,-5.02088,-1.86121,0.55598,-0.54592
local,0.99500,37.30520,120,-6.19387,-0.27095,1.33679,-5.02738,-1.86046,0.56199,-0.53082,-6.19824,-0.27593,1.34423,-5.03160,-1.86065,0.56016,-0.54252
local,0.99500,37.30631,120,-6.18747,-0.26386,1.32926,-5.02058,-1.86805,0.55823,-0.53969,-6.18747,-0.26386,1.32926,-5.02058,-1.86805,0.55823,-0.53969
local,0.99500,37.30639,120,-6.20261,-0.28516,1.33550,-5.02992,-1.84897,0.55634,-0.54721,-6.20261,-0.28516,1.33550,-5.02992,-1.84897,0.55634,-0.54721
local,0.74767,37.30772,120,-6.12404,-0.18496,1.31069,-4.98304,-1.91090,0.57126,-0.57249,-5.93253,-0.08423,1.10999,-6.04809,-1.52798,0.52633,-0.51784
local,0.99500,37.30919,120,-6.20200,-0.23660,1.30593,-5.00572,-1.86351,0.56201,-0.45851,-6.19629,-0.25594,1.32351,-5.02741,-1.85404,0.55846,-0.54033
local,0.99500,37.31057,120,-6.20306,-0.26952,1.33621,-5.02832,-1.85186,0.55701,-0.53793,-6.20306,-0.26952,1.33621,-5.02832,-1.85186,0.55701,-0.53793
local,0.80543,37.31438,120,-6.12019,-0.22282,1.27638,-5.04440,-1.94181,0.58056,-0.58713,-5.57448,-0.25464,1.24154,-5.89651,-1.69258,0.38640,-0.36671
local,0.98942,37.31471,120,-6.20340,-0.28143,1.32859,-5.03146,-1.84781,0.53310,-0.64867,-6.20340,-0.28143,1.32859,-5.03146,-1.84781,0.53310,-0.64867
local,0.96946,37.31524,120,-6.08317,-0.24406,1.23734,-4.99948,-1.93043,0.55172,-0.58409,-6.18958,-0.29465,1.32717,-5.04044,-1.84860,0.53763,-0.58765
local,0.88315,37.31538,120,-6.32679,-0.24569,1.44635,-5.03902,-1.96757,0.59483,-0.75998,-5.86202,-0.36224,1.31837,-5.25328,-1.83675,0.37971,-0.63404
local,0.99500,37.31588,120,-6.14175,-0.21881,1.29434,-5.01320,-1.89896,0.56171,-0.42451,-6.20231,-0.25751,1.32886,-5.02751,-1.85795,0.55760,-0.54313
local,0.99500,37.31748,120,-6.18608,-0.23436,1.25110,-4.98982,-1.83808,0.53614,-0.47939,-6.20510,-0.28619,1.33032,-5.03510,-1.86141,0.55565,-0.54958
local,0.95305,37.31968,120,-6.26371,-0.28282,1.41836,-5.00195,-1.84552,0.53332,-0.51911,-6.11645,-0.21248,1.39705,-5.02576,-1.85753,0.52918,-0.64519
local,0.99500,37.32004,120,-6.21930,-0.27082,1.33844,-5.02159,-1.86305,0.55430,-0.55008,-6.21930,-0.27082,1.33844,-5.02159,-1.86305,0.55430,-0.55008
local,0.99500,37.32074,120,-6.20977,-0.27825,1.30467,-5.00826,-1.85635,0.55262,-0.53995,-6.20977,-0.27825,1.30467,-5.00826,-1.85635,0.55262,-0.53995
local,0.99500,37.32153,120,-6.22184,-0.26157,1.31172,-5.00543,-1.86357,0.55410,-0.53690,-6.22184,-0.26157,1.31172,-5.00543,-1.86357,0.55410,-0.53690
local,0.94697,37.32524,120,-6.08427,-0.21038,1.22659,-4.97019,-1.86043,0.53292,-0.38408,-6.22545,-0.17086,1.36935,-5.22131,-1.83621,0.55664,-0.57592
local,0.98834,37.32531,120,-6.17691,-0.23467,1.29748,-5.06212,-1.83177,0.53115,-0.61898,-6.17946,-0.23584,1.30558,-5.07169,-1.83749,0.53335,-0.61825
local,0.99500,37.32711,120,-6.21613,-0.27932,1.33870,-5.02314,-1.86869,0.55705,-0.54815,-6.21613,-0.27932,1.33870,-5.02314,-1.86869,0.55705,-0.54815
local,0.99500,37.32782,120,-6.20905,-0.27835,1.32356,-5.02865,-1.86213,0.55360,-0.54170,-6.20905,-0.27835,1.32356,-5.02865,-1.86213,0.55360,-0.54170
local,0.98509,37.32938,120,-6.07199,-0.20709,1.33122,-5.03153,-1.83243,0.52508,-0.56139,-6.18495,-0.24121,1.28822,-5.03989,-1.85627,0.52664,-0.61483
local,0.99500,37.33119,120,-6.14246,-0.24488,1.36666,-4.99237,-1.83258,0.53640,-0.62314,-6.19579,-0.28297,1.33571,-5.01943,-1.85955,0.55728,-0.55332
local,0.99500,37.33212,120,-6.15684,-0.17415,1.28130,-4.97356,-1.87066,0.53862,-0.55654,-6.20179,-0.25893,1.33184,-5.02927,-1.86891,0.55859,-0.54553
local,0.99500,37.33513,120,-6.19432,-0.27392,1.33868,-5.03093,-1.85417,0.55808,-0.54105,-6.19432,-0.27392,1.33868,-5.03093,-1.85417,0.55808,-0.54105
local,0.99500,37.33562,120,-6.20534,-0.25588,1.31881,-5.03260,-1.86017,0.55685,-0.53646,-6.20779,-0.26268,1.32949,-5.03480,-1.86392,0.55772,-0.54510
local,0.71861,37.33575,120,-6.39454,-0.17817,1.48157,-4.97770,-1.96790,0.57268,-0.91940,-6.75508,-0.73201,1.76852,-5.07931,-1.73655,0.22996,-0.67737
local,0.99500,37.33643,120,-6.21221,-0.27875,1.41682,-4.98605,-1.84871,0.53934,-0.66241,-6.20705,-0.28148,1.32236,-5.03385,-1.86274,0.55533,-0.54820
local,0.99500,37.33821,120,-6.12791,-0.19146,1.31661,-4.99198,-1.90097,0.55013,-0.56454,-6.21827,-0.27503,1.34752,-5.03314,-1.86468,0.56004,-0.55093
local,0.99500,37.34068,120,-6.18306,-0.26227,1.32305,-5.03038,-1.85584,0.55577,-0.52464,-6.18814,-0.26850,1.32972,-5.03164,-1.85506,0.55483,-0.54547
local,0.98070,37.34635,120,-6.14329,-0.22780,1.27029,-5.02806,-1.78255,0.52808,-0.58208,-6.14554,-0.22142,1.27559,-5.06734,-1.87538,0.52689,-0.57255
local,0.96601,37.34781,120,-6.27339,-0.21464,1.37830,-5.03488,-1.86221,0.58102,-0.56888,-6.06536,-0.24857,1.31908,-5.15794,-1.86080,0.51652,-0.56459
local,0.99500,37.34956,120,-6.19271,-0.27693,1.32066,-5.02548,-1.85309,0.55458,-0.54240,-6.19271,-0.27693,1.32066,-5.02548,-1.85309,0.55458,-0.54240
local,0.96370,37.35205,120,-6.19929,-0.24872,1.36882,-4.95865,-1.81852,0.52753,-0.64484,-6.10730,-0.28844,1.36962,-5.05432,-1.88041,0.52644,-0.57896
local,0.97737,37.35210,120,-6.17321,-0.25949,1.24871,-4.97406,-1.87208,0.53811,-0.43344,-6.10755,-0.24813,1.23997,-5.01949,-1.85394,0.53361,-0.56966
local,0.91058,37.36132,120,-6.05152,-0.19061,1.24353,-4.97368,-1.84376,0.53066,-0.52559,-5.85709,-0.23991,1.30499,-5.07132,-1.85991,0.51842,-0.59041
local,0.82280,37.36515,120,-6.24286,-0.25340,1.40714,-4.99301,-1.93726,0.54081,-0.53899,-5.76101,0.25234,1.25799,-5.85129,-1.91187,0.32325,-0.45279
local,0.94327,37.36604,120,-6.18771,-0.27855,1.33828,-4.98909,-1.76711,0.50582,-0.65526,-6.25501,-0.33314,1.34614,-5.15762,-1.73210,0.51571,-0.60004
local,0.86603,37.36957,120,-5.93460,-0.20965,1.31331,-5.01175,-1.93351,0.55212,-0.46443,-5.79434,0.00845,1.00322,-5.22794,-1.91351,0.53556,-0.35110
local,0.99500,37.37213,120,-6.21378,-0.28662,1.34105,-5.02448,-1.86797,0.55625,-0.55376,-6.21378,-0.28662,1.34105,-5.02448,-1.86797,0.55625,-0.55376
local,0.83737,37.37494,120,-6.20816,-0.22279,1.31339,-4.99767,-1.88418,0.58212,-0.44254,-6.55042,-0.59852,1.51932,-4.90267,-1.63861,0.40316,-0.47947
local,0.96717,37.37597,120,-6.07078,-0.20694,1.35979,-5.01999,-1.78516,0.50276,-0.57313,-6.08277,-0.27373,1.31912,-5.08375,-1.77254,0.51461,-0.58042
local,0.95425,37.37642,120,-6.21838,-0.25845,1.33863,-4.97875,-1.76511,0.50585,-0.49124,-6.14622,-0.35069,1.40474,-5.02380,-1.82937,0.48345,-0.59462
local,0.99500,37.37705,120,-6.20300,-0.26205,1.30879,-5.03375,-1.85104,0.55383,-0.54279,-6.20300,-0.26205,1.30879,-5.03375,-1.85104,0.55383,-0.54279
local,0.89934,37.37914,120,-6.20849,-0.27244,1.30664,-5.01245,-1.75557,0.50221,-0.67407,-5.99876,-0.00988,1.23898,-5.40152,-1.76375,0.47364,-0.66189
local,0.94819,37.38090,120,-6.14673,-0.18241,1.25215,-4.96092,-1.86223,0.51544,-0.54882,-6.14673,-0.18241,1.25215,-4.96092,-1.86223,0.51544,-0.54882
local,0.99500,37.38111,120,-6.13141,-0.24933,1.28859,-5.02836,-1.85418,0.56145,-0.49131,-6.19045,-0.27121,1.33394,-5.03765,-1.86951,0.56000,-0.54833
local,0.92407,37.38413,120,-6.19926,-0.21139,1.33121,-4.98205,-1.78301,0.49278,-0.55031,-6.30858,-0.40520,1.57738,-5.09234,-1.84756,0.53837,-0.58610
local,0.96253,37.38492,120,-6.20462,-0.22248,1.27974,-4.97193,-1.79517,0.52813,-0.50845,-6.02541,-0.19419,1.27985,-5.19690,-1.74688,0.51868,-0.59612
local,0.91333,37.38593,120,-6.11165,-0.19589,1.24858,-5.01008,-1.80955,0.50106,-0.59564,-6.22464,-0.26299,1.33442,-5.42774,-1.72391,0.54988,-0.52764
local,0.99500,37.38669,120,-6.20364,-0.27659,1.32592,-5.03355,-1.86511,0.55715,-0.55168,-6.20364,-0.27659,1.32592,-5.03355,-1.86511,0.55715,-0.55168
local,0.92670,37.38752,120,-6.14615,-0.20917,1.28160,-5.00482,-1.81173,0.53006,-0.43047,-6.22395,-0.25277,1.30179,-5.00338,-1.81693,0.53803,-0.62935
local,0.79319,37.39014,120,-6.29425,-0.22063,1.44510,-4.95594,-1.88945,0.54373,-0.77756,-6.32924,-0.55599,1.62285,-5.20117,-1.67626,0.35099,-0.51859
local,0.99500,37.39733,120,-6.10810,-0.21147,1.25879,-4.97347,-1.84419,0.54665,-0.45902,-6.20553,-0.26147,1.33349,-5.03858,-1.86613,0.55961,-0.55211
local,0.97287,37.40092,120,-6.09053,-0.23247,1.25150,-4.99851,-1.79740,0.51646,-0.57511,-6.17168,-0.18316,1.28541,-5.07521,-1.86241,0.52414,-0.57970
local,0.90076,37.40123,120,-6.13829,-0.04787,1.21427,-4.96839,-1.80086,0.51273,-0.41401,-6.21740,-0.04203,1.07835,-5.09925,-1.87833,0.55750,-0.35894
local,0.93189,37.40477,120,-6.08547,-0.17681,1.30171,-5.01105,-1.84155,0.52538,-0.55003,-6.24416,-0.25670,1.54206,-5.01281,-1.85509,0.48325,-0.56051
local,0.99500,37.40554,120,-6.19572,-0.27352,1.33819,-5.03508,-1.85755,0.55455,-0.53944,-6.19572,-0.27352,1.33819,-5.03508,-1.85755,0.55455,-0.53944
local,0.66523,37.40558,120,-6.08494,-0.27694,1.40884,-4.98658,-1.85435,0.53620,-0.57158,-5.17575,0.19666,1.34844,-6.33337,-1.64230,0.35734,-0.53240
local,0.99500,37.40814,120,-6.09337,-0.22356,1.29310,-5.04729,-1.85622,0.56338,-0.56746,-6.19749,-0.26335,1.32457,-5.03729,-1.85619,0.55722,-0.55385
local,0.94451,37.40958,120,-6.14767,-0.26334,1.44078,-5.00774,-1.82040,0.51534,-0.62492,-6.12953,-0.26847,1.45026,-5.01196,-1.82656,0.51646,-0.64177
local,0.97513,37.41372,120,-6.11619,-0.23199,1.27643,-5.01809,-1.74483,0.50553,-0.62726,-6.11717,-0.25001,1.35085,-5.08417,-1.80942,0.51561,-0.61977
local,0.98180,37.42021,120,-6.01503,-0.20996,1.25525,-5.00044,-1.80557,0.51310,-0.55914,-6.13165,-0.26862,1.32415,-5.10685,-1.85591,0.54403,-0.64748
local,0.96832,37.42233,120,-6.16247,-0.20093,1.34565,-5.03542,-1.80992,0.52390,-0.55626,-6.16901,-0.16124,1.29992,-5.15093,-1.80428,0.53938,-0.57948
local,0.92801,37.42360,120,-6.10081,-0.22151,1.35172,-5.02117,-1.87589,0.56369,-0.49092,-6.30067,-0.35802,1.28645,-5.01538,-1.79170,0.46426,-0.57567
local,0.90641,37.43586,120,-5.99719,-0.24109,1.44546,-4.98605,-1.84503,0.52880,-0.51722,-6.09851,-0.26669,1.42726,-4.97749,-1.81344,0.41164,-0.36418
local,0.68872,37.43826,120,-6.19695,-0.25242,1.34828,-5.05537,-1.69639,0.49392,-0.64007,-5.77618,0.40887,1.07904,-5.31328,-1.72340,0.24086,-0.56190
local,0.97848,37.44416,120,-6.04925,-0.25653,1.27959,-5.00648,-1.81269,0.52014,-0.51111,-6.14416,-0.23964,1.25280,-5.04210,-1.83430,0.52522,-0.57664
local,0.97959,37.44979,120,-6.10132,-0.24725,1.32010,-5.01324,-1.79541,0.52107,-0.50107,-6.18303,-0.21459,1.28947,-5.09959,-1.82001,0.52802,-0.60431
local,0.90219,37.45072,120,-6.06543,-0.24064,1.35020,-5.01211,-1.78934,0.50981,-0.48584,-6.12108,-0.01415,1.31563,-4.95319,-1.75269,0.42090,-0.34537
local,0.77594,37.45383,120,-6.42816,-0.33043,1.63101,-4.95814,-1.86441,0.51675,-0.72789,-6.46215,-0.39890,1.89890,-5.94996,-1.41436,0.31544,-0.66236
local,0.91875,37.45560,120,-6.10946,-0.20869,1.36688,-5.00391,-1.80282,0.50603,-0.61712,-6.28830,-0.23151,1.44138,-5.11700,-1.84074,0.54830,-0.48004
local,0.97400,37.46190,120,-6.01578,-0.24084,1.35129,-5.06472,-1.82923,0.53386,-0.49395,-6.07211,-0.16132,1.27899,-5.09586,-1.81560,0.52629,-0.54645
local,0.95663,37.46236,120,-6.15765,-0.23922,1.29393,-5.04341,-1.73497,0.54271,-0.63243,-6.10976,-0.19347,1.38774,-5.14737,-1.81494,0.51162,-0.60700
local,0.82652,37.46459,120,-6.20450,-0.28357,1.58512,-4.99063,-1.85756,0.52808,-0.66472,-6.27670,-0.31500,1.95063,-5.54380,-1.61379,0.31056,-0.56160
local,0.92009,37.46865,120,-6.17059,-0.22410,1.29156,-5.03720,-1.68527,0.47263,-0.57427,-6.30734,-0.45366,1.37297,-5.12784,-1.57709,0.42573,-0.65703
local,0.84264,37.47274,120,-5.99985,-0.12984,1.18244,-5.00131,-1.90822,0.56081,-0.28470,-5.72065,0.04890,1.36648,-4.93304,-1.69994,0.38363,-0.23967
local,0.95544,37.47538,120,-6.04929,-0.17732,1.23999,-5.03905,-1.79850,0.52023,-0.52402,-6.12292,-0.20755,1.23286,-5.14548,-1.83656,0.53565,-0.64782
local,0.88164,37.48091,120,-6.07908,-0.18712,1.26556,-5.01056,-1.80893,0.52620,-0.37579,-6.35566,-0.23871,0.99752,-4.93735,-1.66988,0.43827,-0.34840
local,0.96486,37.48151,120,-6.12482,-0.24956,1.40526,-5.00787,-1.77541,0.49884,-0.58211,-6.02257,-0.20528,1.25967,-5.19159,-1.83203,0.50361,-0.57056
local,0.97174,37.48567,120,-6.17989,-0.24424,1.40799,-5.05266,-1.79516,0.50031,-0.62156,-6.13024,-0.25643,1.38172,-5.07232,-1.84207,0.50998,-0.60311
local,0.85290,37.48592,120,-6.01422,-0.21197,1.25631,-4.98929,-1.80399,0.49556,-0.50031,-6.09457,0.23817,1.11787,-4.89749,-1.86064,0.42638,-0.56412
local,0.89501,37.48890,120,-6.30239,-0.25867,1.42208,-4.98473,-1.69309,0.48886,-0.53105,-6.20376,-0.18620,1.35453,-5.39348,-1.81678,0.53282,-0.47293
local,0.94574,37.48907,120,-6.10555,-0.21702,1.38649,-5.02927,-1.75455,0.50969,-0.61227,-6.02457,-0.21523,1.19912,-5.09519,-1.78200,0.50872,-0.62192
local,0.95901,37.49278,120,-6.15775,-0.19586,1.26502,-5.05675,-1.75604,0.51625,-0.43255,-6.19440,-0.18947,1.22047,-5.06082,-1.78126,0.49039,-0.62243
local,0.93952,37.49707,120,-6.17820,-0.26371,1.34686,-5.02956,-1.73983,0.47763,-0.52165,-6.30863,-0.29293,1.34868,-5.01810,-1.74005,0.46421,-0.52795
local,0.93826,37.50167,120,-6.15065,-0.25225,1.29933,-5.05045,-1.73655,0.49145,-0.44606,-5.93126,-0.01033,1.18280,-5.04813,-1.84516,0.52445,-0.41091
local,0.97060,37.51498,120,-6.14153,-0.20673,1.32257,-5.00695,-1.77389,0.49360,-0.55222,-6.18724,-0.18440,1.30877,-5.09914,-1.84351,0.51753,-0.61121
local,0.81713,37.52170,120,-5.88250,-0.23271,1.28730,-5.02900,-1.88901,0.54728,-0.45062,-6.02288,-0.08732,1.53583,-5.12081,-1.64720,0.44551,-0.08736
local,0.92539,37.53160,120,-5.86293,-0.02555,1.09995,-4.98076,-1.87689,0.53147,-0.41282,-6.12956,-0.00401,1.26044,-4.98126,-1.88427,0.46066,-0.39182
local,0.92931,37.53545,120,-5.90951,-0.26614,1.41733,-5.01995,-1.76993,0.49021,-0.42950,-6.02373,-0.19182,1.45340,-5.18475,-1.82806,0.54797,-0.45622
local,0.64290,37.53555,120,-5.85973,-0.25764,1.24611,-5.06369,-2.00000,0.58302,-0.51348,-4.88756,0.02725,1.06494,-6.23137,-1.76923,0.11834,0.23431
local,0.96018,37.53687,120,-6.04178,-0.05572,1.16625,-5.02561,-1.81475,0.54496,-0.35970,-6.12500,-0.10623,1.21164,-5.07334,-1.84655,0.54405,-0.47905
local,0.95184,37.54911,120,-5.82050,-0.25971,1.31663,-5.05102,-1.79463,0.51808,-0.37385,-6.09101,-0.09062,1.22111,-5.25890,-1.75807,0.53392,-0.43551
local,0.91469,37.55026,120,-6.10479,-0.24097,1.45090,-5.02279,-1.71921,0.48108,-0.61274,-5.83644,-0.20794,1.24121,-5.19372,-1.79819,0.45539,-0.54130
local,0.94941,37.55100,120,-6.30391,-0.23422,1.42147,-5.01795,-1.64916,0.48895,-0.63468,-6.16640,-0.18128,1.23785,-5.20758,-1.79128,0.47452,-0.58117
local,0.90781,37.55203,120,-6.19075,-0.21483,1.29907,-4.97669,-1.69530,0.45433,-0.60956,-6.32491,-0.33597,1.12358,-4.91647,-1.79909,0.40963,-0.53503
local,0.79110,37.56331,120,-5.81098,-0.22554,1.21438,-5.01377,-1.92304,0.55225,-0.30979,-5.61395,-0.33062,1.56402,-5.79663,-1.90218,0.58592,-0.41668
local,0.55024,37.56469,120,-5.92689,-0.18877,1.30151,-4.97061,-1.86038,0.52242,-0.44206,-5.50766,0.88313,0.45703,-5.15145,-1.44251,0.08407,0.30363
local,0.93700,37.56900,120,-5.87932,-0.19634,1.27950,-5.01692,-1.90965,0.55235,-0.32143,-6.01650,-0.18256,1.10811,-5.05956,-1.84168,0.53891,-0.35773
local,0.74517,37.58346,120,-6.35429,-0.33494,1.46847,-5.03097,-1.74339,0.49301,-0.69269,-5.56983,-0.30118,1.81187,-5.76266,-1.63803,0.28083,-0.62766
local,0.83559,37.58437,120,-6.02821,-0.17459,1.31872,-5.02239,-1.67613,0.47233,-0.55136,-6.04827,-0.50319,1.03780,-4.97064,-1.57441,0.43084,-0.52686
local,0.73225,37.58854,120,-6.21222,-0.07212,1.36410,-5.00542,-1.78638,0.51243,-0.83802,-6.71449,-0.09825,0.82464,-4.82573,-1.65173,0.24941,-0.49060
local,0.87858,37.59659,120,-5.98204,-0.20715,1.29566,-5.00961,-1.97421,0.60919,-0.27061,-5.84143,-0.06870,1.42071,-5.37553,-1.80014,0.42872,-0.30059
local,0.90360,37.59765,120,-5.95451,-0.07084,1.13692,-5.01810,-1.87061,0.54943,-0.21599,-5.90127,0.03877,1.24471,-5.16788,-1.81254,0.54207,-0.49168
local,0.78036,37.60192,120,-5.80354,0.08018,0.94085,-5.01361,-2.00000,0.60565,-0.01648,-5.93807,0.35140,1.26968,-5.09267,-1.87635,0.38612,0.01530
local,0.75261,37.60294,120,-5.88558,-0.05154,1.24512,-4.97860,-1.82003,0.50212,-0.43350,-5.20378,-0.07329,1.32470,-5.33665,-1.87696,0.23627,-0.27780
local,0.95782,37.61062,120,-6.16302,-0.22198,1.31993,-4.99846,-1.62125,0.44767,-0.44537,-6.00770,-0.15352,1.18363,-5.22187,-1.78280,0.48955,-0.46326
local,0.79938,37.62329,120,-6.02882,-0.26083,1.30887,-5.03103,-1.64207,0.44087,-0.53397,-5.83179,-0.55109,1.82554,-5.59115,-1.72259,0.55302,-0.63054
local,0.86762,37.62713,120,-6.03316,-0.05510,1.18901,-4.98686,-1.80940,0.53221,-0.44842,-6.03174,-0.17692,1.67899,-5.41409,-1.83748,0.42328,-0.38419
local,0.80939,37.63301,120,-5.83409,-0.18895,1.32277,-5.05104,-1.75658,0.51683,-0.52979,-6.02951,-0.13417,1.49805,-4.91568,-1.57743,0.42540,-0.55118
local,0.91605,37.63602,120,-6.17107,-0.23417,1.29163,-4.94688,-1.64116,0.43508,-0.57120,-6.15497,-0.29351,1.36398,-5.38065,-1.78912,0.48012,-0.51603
local,0.73489,37.63682,120,-6.17858,-0.22845,1.30538,-4.95386,-1.63889,0.43086,-0.57301,-5.62291,-0.13650,1.85410,-6.08987,-1.44817,0.24875,-0.37882
local,0.83018,37.64055,120,-5.97171,-0.29578,1.38178,-4.98263,-1.77661,0.48828,-0.47367,-5.98553,-0.29772,1.23513,-5.76042,-1.33197,0.44555,-0.43389
local,0.94203,37.64525,120,-5.84951,-0.12110,1.23026,-5.05541,-1.76245,0.49557,-0.46440,-6.02826,-0.02408,1.17066,-5.01215,-1.73609,0.46313,-0.45163
local,0.87394,37.64585,120,-6.01146,-0.26104,1.31181,-5.04376,-1.65682,0.48814,-0.51227,-6.15931,-0.17962,1.52586,-4.98109,-1.54065,0.40921,-0.50237
local,0.87549,37.64879,120,-6.19804,-0.26092,1.32391,-5.00695,-1.50038,0.41657,-0.49792,-6.20872,-0.49216,1.75317,-5.15189,-1.61320,0.39499,-0.52658
local,0.85122,37.65014,120,-5.84137,-0.14960,1.26539,-5.01086,-1.93317,0.58739,-0.31369,-5.44383,0.17074,1.07190,-5.67019,-1.81431,0.43594,-0.06061
local,0.84610,37.65576,120,-6.02316,-0.06295,1.14498,-4.94428,-1.91690,0.56924,-0.01815,-5.93744,0.09801,1.24045,-5.50727,-1.92320,0.62272,-0.00552
local,0.70414,37.66339,120,-5.91045,-0.04624,1.25846,-4.98275,-1.83105,0.51311,-0.44283,-5.30901,-0.35406,0.98959,-4.81019,-1.65335,0.13817,0.14112
local,0.86280,37.66382,120,-6.33181,-0.26961,1.62914,-5.04207,-1.77678,0.53825,-0.64621,-6.28314,-0.35635,1.76968,-5.54857,-1.83837,0.48137,-0.52236
local,0.89355,37.67228,120,-5.79285,-0.06445,1.12094,-5.04124,-1.86259,0.56553,-0.31319,-5.95154,-0.20188,1.11441,-5.44556,-1.76882,0.54382,-0.44073
local,0.93446,37.67663,120,-6.09820,-0.25095,1.24888,-5.01244,-1.56833,0.43531,-0.58156,-6.14254,-0.15116,1.42190,-5.29922,-1.70578,0.48191,-0.59100
local,0.67560,37.68093,120,-5.98877,-0.04814,1.09660,-5.02677,-1.78251,0.53776,-0.41383,-5.47188,0.28013,1.59676,-6.01818,-1.49454,0.33335,-0.39031
local,0.89062,37.68842,120,-6.08217,-0.29041,1.34520,-5.02545,-1.59563,0.45265,-0.56081,-6.04782,0.06113,1.28830,-5.15642,-1.64519,0.38881,-0.61388
local,0.95063,37.69635,120,-5.86831,0.09639,0.97924,-4.97991,-1.79885,0.48700,-0.27587,-6.00248,-0.06313,1.24335,-5.17500,-1.82580,0.47815,-0.46157
local,0.93060,37.69917,120,-6.19694,-0.26452,1.39609,-5.05986,-1.54405,0.41765,-0.66824,-6.18426,-0.34291,1.43271,-5.29816,-1.61838,0.45504,-0.57210
local,0.88011,37.70817,120,-5.78017,0.00977,1.07768,-4.97426,-1.84718,0.52273,-0.19484,-6.02815,0.08127,1.06335,-5.33520,-1.79279,0.56342,-0.26158
local,0.75745,37.71617,120,-5.84262,-0.08563,1.14323,-5.04728,-1.94781,0.58795,-0.00464,-5.69910,0.39719,0.75729,-5.06374,-1.79374,0.23074,0.28598
local,0.85457,37.71849,120,-6.22387,-0.28293,1.34041,-4.97040,-1.54416,0.41849,-0.54265,-6.30218,-0.33806,1.67825,-5.47725,-1.47098,0.42852,-0.49591
local,0.79527,37.72345,120,-5.83569,0.07492,0.95800,-4.99180,-1.89919,0.57167,0.02804,-5.71976,-0.25271,1.00102,-4.88831,-1.92193,0.47174,0.07480
local,0.84782,37.73248,120,-5.85511,0.13394,0.94794,-4.96667,-1.88543,0.55419,0.15566,-5.71939,0.18348,1.17635,-5.37793,-1.84637,0.53308,0.03457
local,0.93573,37.75446,120,-6.18367,-0.21831,1.31672,-5.03032,-1.56811,0.43733,-0.58397,-6.20255,-0.17712,1.27544,-5.32382,-1.73591,0.47195,-0.57340
local,0.80742,37.75648,120,-6.25312,-0.20049,1.34290,-4.99908,-1.55788,0.43259,-0.71202,-5.88285,0.03276,0.87141,-4.87920,-1.44838,0.29351,-0.41613
local,0.88616,37.76619,120,-6.06460,-0.27027,1.33696,-5.04422,-1.61099,0.44426,-0.51831,-5.95807,-0.32173,1.18842,-5.28172,-1.58885,0.43974,-0.54710
local,0.58444,37.76966,120,-5.92845,0.10927,0.96626,-4.95750,-1.90120,0.56508,0.06316,-5.80554,-0.09204,2.09930,-5.98345,-1.83820,0.41792,0.02192
local,0.81522,37.78061,120,-5.89174,0.02859,1.01524,-5.04226,-1.69764,0.50263,-0.08241,-5.39319,0.22696,1.10507,-5.57314,-1.75382,0.57680,-0.21504
local,0.78471,37.78785,120,-5.70193,-0.18204,1.26310,-5.05503,-1.74506,0.49964,-0.31754,-5.73697,0.36944,0.94156,-5.42651,-1.58260,0.36211,-0.20506
local,0.92275,37.79353,120,-5.94864,-0.02208,1.09886,-4.97937,-1.63055,0.45028,-0.38111,-5.99753,-0.08051,1.32180,-5.28617,-1.82182,0.49866,-0.36922
local,0.91740,37.79459,120,-5.93437,-0.08927,1.26985,-5.01422,-1.61940,0.44051,-0.45560,-6.33906,-0.26050,1.36007,-5.27639,-1.57024,0.47318,-0.57407
local,0.87237,37.80725,120,-5.88970,-0.22397,1.33593,-5.21404,-1.75648,0.52738,-0.43088,-5.98028,0.06838,1.44349,-4.97657,-1.79974,0.43188,-0.34804
local,0.63080,37.82772,120,-5.72709,-0.00576,1.05450,-5.01773,-1.88539,0.56542,-0.08662,-5.08754,-0.38270,1.34598,-5.78529,-1.76854,0.41814,0.17000
local,0.88765,37.82851,120,-6.09630,-0.08312,1.17893,-4.97113,-1.62988,0.44215,-0.44982,-5.76197,0.06862,0.93279,-5.14014,-1.69146,0.45321,-0.16916
local,0.75015,37.83560,120,-5.77714,-0.19366,1.33969,-4.99697,-1.75784,0.48850,-0.28869,-5.77140,-0.51838,1.88020,-6.23146,-1.60165,0.56188,-0.24162
local,0.88466,37.83588,120,-5.79715,0.11543,0.93972,-5.04100,-1.81346,0.54460,-0.18606,-5.70279,0.09310,1.04726,-5.09547,-1.68334,0.49122,-0.26346
local,0.71003,37.84123,120,-5.61012,-0.11000,1.10833,-5.04084,-1.81990,0.52598,-0.23042,-5.43489,0.04022,1.51946,-5.14405,-1.82737,0.26523,0.32181
local,0.74008,37.84588,120,-5.98679,-0.27224,1.31002,-5.08387,-1.46614,0.40343,-0.53519,-6.50756,-0.05445,1.79230,-5.19424,-1.68187,0.36864,-0.55215
local,0.90920,37.84775,120,-5.86225,0.04268,1.14570,-5.02911,-1.60879,0.44689,-0.34786,-5.80895,-0.01991,1.19088,-5.11246,-1.64467,0.44341,-0.43070
local,0.72689,37.85025,120,-5.78138,-0.08740,1.14205,-5.02159,-1.60566,0.42921,-0.29638,-6.34061,0.18526,1.43149,-5.28916,-1.35050,0.38516,-0.26470
local,0.84090,37.85308,120,-5.79976,0.08085,0.97036,-5.04736,-1.74328,0.50734,0.01906,-5.42937,0.23124,0.89075,-5.60395,-1.40916,0.45369,0.05025
local,0.78685,37.88243,120,-5.90539,-0.20241,1.27741,-4.98011,-1.63370,0.43761,-0.38952,-6.09889,0.00158,0.93347,-4.79294,-1.57033,0.33053,0.00691
local,0.86922,37.89129,120,-5.53752,0.11091,1.01720,-4.99220,-1.85907,0.54347,0.00722,-5.61322,-0.01803,0.99606,-5.42493,-1.76623,0.56139,-0.13489
local,0.76916,37.89521,120,-5.93556,-0.07362,1.08218,-5.01997,-1.83199,0.55170,0.13728,-5.33960,0.46905,1.08414,-5.91003,-1.86994,0.21541,0.18708
local,0.81134,37.89869,120,-5.86602,-0.19380,1.37212,-4.99398,-1.59970,0.41316,-0.39525,-5.85059,0.19248,1.30748,-5.44097,-1.34444,0.44162,-0.59196
local,0.68226,37.90953,120,-5.70728,-0.01756,1.12751,-4.97657,-1.85796,0.53572,0.12313,-5.01135,0.05818,0.86727,-5.96195,-1.71131,0.40988,0.23022
local,0.74264,37.91024,120,-6.03764,-0.19455,1.31958,-5.07410,-1.44539,0.38535,-0.51206,-5.47762,-0.49592,1.33460,-5.28894,-1.58768,0.37213,-0.48682
local,0.85954,37.91077,120,-5.97454,-0.19497,1.35507,-4.99220,-1.54507,0.40731,-0.46191,-5.78504,-0.06796,1.50122,-5.37357,-1.67462,0.38860,-0.57733
local,0.88914,37.92242,120,-5.89504,-0.25863,1.37845,-5.12149,-1.53299,0.42544,-0.47280,-5.88335,-0.34981,1.38634,-5.09336,-1.58320,0.43065,-0.49083
local,0.87704,37.92753,120,-5.75917,-0.16418,1.30074,-5.03901,-1.63370,0.45892,-0.29582,-5.91359,-0.07988,1.13494,-5.18197,-1.76433,0.42110,-0.13919
local,0.68551,37.93759,120,-6.05243,-0.18057,1.16920,-5.07525,-1.39673,0.40721,-0.51396,-6.10023,-0.63033,2.28094,-5.90255,-1.14227,0.21374,-0.43514
local,0.89646,37.93950,120,-6.04042,-0.20967,1.35001,-5.07196,-1.49420,0.39840,-0.44619,-6.07472,-0.21984,1.55328,-5.43860,-1.68870,0.44489,-0.45763
local,0.89209,37.94022,120,-5.74461,-0.06268,1.22032,-5.20279,-1.68131,0.51754,-0.26241,-5.93853,-0.07686,1.23086,-5.25285,-1.61785,0.48563,-0.15009
local,0.82093,37.94387,120,-5.78510,-0.12798,1.25433,-5.10566,-1.53261,0.42259,-0.28501,-5.52992,0.13033,1.32831,-5.39675,-1.68134,0.40875,-0.30192
local,0.56234,37.94824,120,-5.53622,0.13652,0.94677,-4.99897,-1.98863,0.61388,0.42777,-5.61580,0.44384,1.49540,-5.65373,-1.64430,0.51057,0.58773
local,0.57371,37.95702,120,-5.78360,0.01851,1.10468,-4.99844,-1.72404,0.47348,-0.23106,-6.26381,-0.48751,0.86550,-5.04531,-1.37420,0.24437,0.20218
local,0.77370,37.96225,120,-6.18510,-0.17623,1.29583,-4.97595,-1.52259,0.44517,-0.54154,-5.97051,-0.54751,2.04660,-5.99894,-1.36175,0.44773,-0.53079
local,0.90501,37.97296,120,-5.75526,-0.08266,1.21604,-5.06758,-1.55510,0.43157,-0.24490,-5.71591,-0.01717,1.11854,-5.36978,-1.70811,0.43082,-0.22024
local,0.84952,37.97985,120,-5.68000,0.09269,1.03237,-5.06575,-1.67502,0.48765,0.03477,-5.54194,0.31967,1.08574,-5.58989,-1.86137,0.46586,0.02376
local,0.65060,38.01609,120,-5.68643,-0.02397,1.15958,-4.97474,-1.68447,0.46324,-0.18262,-5.26988,0.56829,0.67137,-5.38384,-1.62771,0.12497,-0.00385
local,0.89790,38.02350,120,-5.84236,0.05950,0.95127,-4.97839,-1.56653,0.43141,-0.34227,-5.85148,0.04357,1.28589,-5.47921,-1.50659,0.43866,-0.35077
local,0.73750,38.03335,120,-5.65414,0.07835,1.14869,-5.06197,-1.63993,0.46245,-0.23699,-6.18151,0.04692,1.39678,-5.46043,-1.55446,0.49981,0.02231
local,0.63491,38.03649,120,-5.92858,0.16342,1.00978,-4.97294,-1.74823,0.49727,0.22887,-6.57446,0.42301,0.88465,-4.81251,-1.62386,0.37708,0.76563
local,0.75504,38.04049,120,-6.11869,-0.21609,1.25544,-5.14103,-1.29547,0.33682,-0.55956,-5.46976,-0.09895,1.62523,-5.81536,-1.35550,0.17500,-0.50710
local,0.84438,38.05082,120,-5.89602,-0.21061,1.33294,-5.19912,-1.39232,0.41696,-0.45753,-5.87005,-0.38434,1.17160,-5.21900,-1.30317,0.38593,-0.59325
local,0.77816,38.05256,120,-5.79735,-0.07920,1.27457,-5.17494,-1.51611,0.41820,-0.28670,-5.75247,-0.52388,1.44417,-5.81019,-1.27772,0.47510,-0.57280
local,0.72416,38.05270,120,-6.14229,-0.24085,1.35667,-5.03496,-1.35867,0.37035,-0.61479,-5.61876,-0.46701,1.82358,-4.94468,-1.53337,0.11523,-0.33428
local,0.76686,38.05941,120,-5.93603,-0.24169,1.34701,-5.14258,-1.26393,0.35373,-0.48544,-6.37977,0.20114,1.51357,-5.13231,-1.43700,0.29536,-0.45359
local,0.67895,38.07062,120,-5.85540,0.09863,1.02350,-5.02250,-1.58063,0.43183,-0.20618,-6.21611,-0.16210,2.02336,-6.47113,-1.08030,0.43681,-0.27075
local,0.83914,38.09334,120,-5.78519,0.08769,0.95950,-5.11062,-1.57065,0.46911,-0.01182,-5.71102,0.21740,0.90433,-5.21808,-1.58453,0.46300,-0.27361
local,0.85624,38.10365,120,-5.73295,-0.02217,1.15899,-5.12498,-1.54362,0.45819,-0.20878,-5.73099,0.24798,1.21055,-5.61609,-1.38834,0.42562,-0.27834
local,0.82467,38.10696,120,-5.57694,0.09988,0.99100,-5.14157,-1.72290,0.50344,-0.00559,-5.44428,-0.01289,1.31459,-5.44187,-1.59046,0.50918,-0.08052
local,0.70711,38.10952,120,-5.41315,0.19235,0.85090,-4.96706,-1.79265,0.51059,0.37418,-5.12405,0.10337,0.73985,-4.90044,-1.63128,0.44977,0.09480
local,0.83200,38.12208,120,-5.93509,-0.26173,1.30243,-5.08117,-1.39935,0.39028,-0.41606,-5.54357,-0.09377,1.07802,-5.82266,-1.27089,0.32333,-0.31030
local,0.77144,38.15477,120,-5.75582,-0.07935,1.24123,-5.17344,-1.41468,0.40268,-0.32547,-5.27604,-0.04217,1.09449,-5.43126,-1.71416,0.46746,0.07898
local,0.62233,38.15637,120,-5.88639,-0.06593,1.18130,-5.16575,-1.31133,0.37840,-0.36813,-5.44330,-0.51049,2.03367,-5.32474,-1.89613,0.01704,0.33250
local,0.79733,38.15802,120,-5.44164,0.09677,1.05314,-5.37534,-1.63265,0.54217,-0.01285,-5.50925,0.03650,1.44716,-5.36555,-1.60899,0.33611,-0.08031
local,0.78254,38.16045,120,-6.01282,-0.17303,1.31020,-5.15086,-1.22152,0.31520,-0.55122,-6.39412,-0.00800,1.10089,-5.27100,-1.23918,0.33555,-0.22925
local,0.80141,38.16523,120,-5.64070,-0.05369,1.13737,-5.38176,-1.65592,0.55244,0.02801,-5.51472,0.47438,0.91885,-5.30271,-1.45673,0.27238,0.01651
local,0.47287,38.17558,120,-5.40001,0.23007,0.90744,-5.03563,-2.00000,0.62192,0.70974,-4.51969,1.29767,0.25019,-5.93131,-0.41123,0.00245,1.46115
local,0.69810,38.18890,120,-5.50254,0.04640,1.13634,-5.16428,-1.58187,0.45639,-0.12687,-4.87651,0.38879,1.04542,-6.43528,-1.57333,0.36068,0.23785
local,0.82836,38.19421,120,-5.82802,-0.14839,1.26287,-5.15231,-1.43068,0.40051,-0.31652,-6.10811,-0.08806,1.55501,-5.83308,-1.37111,0.48697,-0.22276
local,0.75984,38.21223,120,-5.67821,0.09503,1.09976,-5.10753,-1.59308,0.44073,0.03272,-5.56412,0.04369,0.96870,-5.92874,-1.32652,0.33289,0.04739
local,0.87080,38.23047,120,-5.58357,0.03825,1.27752,-5.19743,-1.54037,0.44157,-0.11441,-5.70506,0.01682,1.20183,-5.13882,-1.55202,0.47604,-0.31608
local,0.83380,38.25376,120,-5.54231,-0.02236,1.07175,-5.18871,-1.51179,0.43529,-0.09618,-5.90246,-0.24594,1.39845,-5.13781,-1.37001,0.37586,-0.05768
local,0.71293,38.26334,120,-5.72960,-0.01892,1.16058,-5.18666,-1.35893,0.38565,-0.20376,-6.35302,-0.26655,0.91485,-5.03750,-1.20724,0.34196,0.08229
local,0.71578,38.27365,120,-5.73652,-0.09762,1.23299,-5.18725,-1.21645,0.32219,-0.30044,-6.06188,-0.16047,1.39066,-5.60163,-1.26951,0.19577,-0.13316
local,0.80343,38.27442,120,-5.54484,-0.12776,1.26539,-5.22488,-1.52060,0.44916,-0.08163,-5.63512,0.06138,0.94585,-5.92402,-1.33490,0.32039,-0.00998
local,0.54388,38.28448,120,-5.36850,0.21209,0.86129,-5.11377,-1.82843,0.54870,0.60285,-5.46094,-0.39779,0.69020,-4.90862,-1.28237,0.36388,0.73182
local,0.70114,38.28540,120,-5.33808,0.17296,0.89028,-5.18731,-1.58705,0.45261,0.37966,-4.92920,0.44329,0.68992,-5.12707,-1.48300,0.23755,0.12274
local,0.81904,38.30604,120,-5.79669,-0.23728,1.36350,-5.25585,-1.31707,0.40113,-0.28057,-6.05166,-0.19920,1.29926,-5.17505,-1.31129,0.40967,-0.34797
local,0.72958,38.33558,120,-5.57120,0.06627,1.07547,-5.10363,-1.38974,0.38134,-0.12457,-6.05250,0.03387,1.16785,-5.71899,-1.13862,0.41840,0.08116
local,0.30214,38.35242,120,-5.76011,-0.06836,1.26273,-4.97218,-0.38366,-0.64919,-0.38086,-5.45481,0.04511,1.66240,-5.45927,-1.13884,-0.66360,0.25364
local,0.81329,38.39089,120,-5.67255,0.04937,1.08112,-5.21439,-1.42602,0.42595,0.14002,-5.57986,0.33693,0.89512,-5.43840,-1.49619,0.42492,0.23432
local,0.50000,38.40735,120,-5.41421,0.21410,0.99908,-5.34548,-1.76879,0.58517,0.36753,-4.49049,1.06948,0.52310,-6.11405,-1.03058,0.16502,0.73388
local,0.69189,38.46464,120,-5.49438,0.23173,0.86052,-4.99749,-1.58373,0.42519,0.20637,-5.39801,0.44845,0.47786,-4.79164,-1.52987,0.28184,0.89928
local,0.66166,38.47302,120,-6.18082,-0.23809,1.39643,-4.89964,-1.28725,0.08849,-0.63515,-5.99665,-0.36197,1.96864,-5.90254,-1.65878,0.02455,-0.28427
local,0.76454,38.53698,120,-5.65621,0.09702,1.03557,-5.22539,-1.11620,0.29417,0.05039,-5.70338,0.11403,1.56703,-5.17932,-1.24288,0.22840,0.03703
local,0.78898,38.56502,120,-5.58936,0.08983,0.99552,-5.15814,-1.25031,0.33944,0.19303,-5.51221,0.23205,1.34682,-5.75915,-1.38549,0.34597,-0.03781
local,0.41326,38.61793,120,-5.85610,0.04335,1.00754,-4.97951,-0.28641,-0.39177,-0.15232,-4.84973,0.08672,1.43603,-6.17917,-0.63189,-0.28392,0.06176
local,0.76220,38.61967,120,-5.67674,0.04998,0.79214,-5.16375,-1.28782,0.38702,0.23471,-5.78469,0.52451,0.96287,-5.22074,-1.08201,0.22676,0.33008
local,0.46270,38.63118,120,-5.74158,0.02642,1.15101,-4.98187,-0.62534,-0.53308,-0.26470,-6.18128,-0.19919,0.91462,-4.65141,-1.16207,-0.55750,0.49265
local,0.64678,38.66206,120,-5.79894,-0.06204,1.28137,-5.11294,-0.70864,0.02701,-0.41704,-6.28034,-0.51897,0.87674,-5.10298,-0.61854,0.06615,-0.28512
local,0.72140,38.66364,120,-6.10366,-0.19780,1.38369,-5.10582,-0.82948,0.09956,-0.60789,-5.86379,0.05851,1.80369,-5.93677,-0.89757,0.23877,-0.61749
local,0.69502,38.67588,120,-5.96392,-0.27258,1.35905,-5.00868,-0.97616,-0.03006,-0.55369,-6.14605,-0.77218,1.70841,-6.19516,-0.74597,0.32664,-0.48071
local,0.67220,38.71174,120,-5.29250,0.59577,0.70414,-5.21952,-1.86331,0.59857,0.78330,-4.90742,0.54629,0.93137,-5.27660,-1.75063,0.46666,0.92582
local,0.37992,38.72590,120,-5.60535,-0.06307,1.08233,-5.03304,-0.83611,-0.11863,-0.26299,-5.58172,-0.40180,1.32479,-5.33757,-1.15670,-0.07705,0.20154
local,0.61350,38.74143,120,-5.01659,0.61919,0.53997,-5.22568,-1.85073,0.58226,1.04116,-4.81116,0.81831,1.01420,-5.01398,-1.93933,0.56027,0.92514
local,0.44006,38.82423,120,-5.60403,0.08809,1.11589,-5.14453,-0.32711,-0.30571,-0.10799,-5.21689,-0.66056,2.41651,-5.99370,-0.19321,-0.18357,0.05477
local,0.61797,38.88163,120,-5.19024,0.65060,0.46534,-5.01282,-2.00000,0.62533,1.12477,-4.34478,0.59761,0.76427,-5.04579,-1.75143,0.17949,1.52320
local,0.65435,38.88317,120,-5.01130,0.48805,0.56270,-5.31732,-1.59117,0.52682,0.76891,-5.22933,0.91895,0.91217,-5.46724,-1.67579,0.53009,0.63933
local,0.57915,38.95086,120,-5.61301,0.08854,1.11047,-4.91501,-1.76840,0.03304,-0.20273,-5.14928,0.49623,1.41655,-6.75490,-1.96152,-0.04167,0.16483
local,0.66874,39.01355,120,-6.06894,-0.15887,1.21789,-5.15479,-0.79596,0.18063,-0.07794,-6.01706,-0.38344,2.29302,-5.56376,-0.83091,0.16497,-0.34094
local,0.51589,39.05255,120,-5.39402,0.13323,1.01150,-5.00585,-0.53449,-0.50037,0.25455,-4.90855,0.40721,1.28639,-6.56613,-0.91064,-0.55773,0.70911
local,0.58959,39.09110,120,-5.22468,0.34964,0.89476,-5.44744,-1.32723,0.46458,0.55340,-5.02679,0.76773,1.16006,-6.08216,-0.73436,0.26754,0.50393
local,0.42729,39.11343,120,-5.36140,0.08946,1.05738,-5.27119,-0.17825,-0.33490,0.29044,-5.71447,0.28394,2.19371,-5.59481,0.03953,-0.33132,0.00429
local,0.53044,39.14744,120,-5.40190,0.05098,1.00340,-5.17288,-0.06137,-0.37800,0.26691,-6.22349,0.59048,0.56607,-5.17558,0.05438,-0.40050,0.84537
local,0.39764,39.14900,120,-5.31962,0.19248,0.84971,-5.06608,-0.54338,-0.28776,0.42959,-4.76877,0.24573,0.34318,-5.10945,-1.27523,-0.23587,0.99136
local,0.55639,39.16808,120,-5.40702,0.12357,0.93609,-5.25172,-1.09447,0.31819,0.56542,-4.40637,0.46247,0.67093,-5.95827,-0.42141,-0.01681,0.60100
local,0.65804,39.21497,120,-5.38308,0.03948,1.05104,-5.17361,-0.79885,0.07839,0.22455,-5.19007,0.36433,0.78431,-5.12102,-0.72616,0.05347,-0.02560
local,0.60428,39.23176,120,-4.94374,0.62353,0.40233,-5.09220,-1.60924,0.44352,0.78165,-5.52738,0.70735,0.32825,-5.11213,-1.60929,0.19355,1.15060
local,0.59950,39.30721,120,-5.39423,0.07146,1.06516,-5.51603,-0.68860,0.19208,0.31097,-4.78183,-0.09346,1.32476,-6.80400,-0.60211,0.35526,0.17296
local,0.25407,39.32536,120,-5.49220,0.11408,1.00098,-5.22069,-0.20656,-0.20046,0.29341,-4.41166,0.63323,0.92792,-5.24832,-0.35614,-0.36774,1.24921
local,0.50813,39.34454,120,-5.37663,0.21563,0.89449,-5.14296,-0.82920,-0.03031,0.40977,-4.36503,0.32382,0.95920,-6.56342,-0.85259,-0.09159,0.46917
local,0.45180,39.35871,120,-5.42866,0.09272,0.83807,-5.11559,-0.81758,0.08244,0.31105,-5.74685,0.37664,1.51155,-5.86984,-0.00119,-0.14890,0.90879
local,0.49145,39.37868,120,-5.30981,0.29300,0.94610,-5.22723,-0.07832,-0.40900,0.37261,-4.30771,0.60767,1.38930,-5.99646,-0.03512,-0.57579,0.22828
local,0.59460,39.48783,120,-5.30966,0.17808,0.82812,-4.89248,-1.27099,0.10741,0.36383,-5.12501,0.09298,0.56036,-4.68116,-1.47246,0.01972,0.87760
local,0.53728,39.54520,120,-5.61062,0.22594,0.82782,-5.29687,-0.59399,0.15013,0.46664,-4.89202,0.95824,0.53055,-5.49023,-0.10288,-0.16589,1.37947
local,0.62661,39.62490,120,-4.94422,0.59003,0.49993,-5.23423,-1.19967,0.36296,1.02641,-5.06817,0.30281,1.13845,-4.94034,-1.24604,0.24721,1.04836
local,0.48243,39.63496,120,-5.72420,0.27936,0.83606,-5.09745,-0.17529,-0.22068,0.50413,-4.68702,0.25737,1.85121,-6.50867,0.18325,-0.31877,0.28513
local,0.60894,39.78933,120,-5.27901,0.19550,0.96402,-5.33197,-0.34259,-0.00215,0.42603,-5.11042,0.12832,1.48962,-5.61317,-0.44107,0.08712,0.30300
local,0.63894,39.80902,120,-5.01901,0.45135,0.70254,-5.07995,-1.19446,0.26238,0.71295,-4.76408,0.43649,0.94152,-5.38405,-0.60142,0.04048,1.53701
local,0.33437,39.90681,120,-5.29182,0.58535,0.64025,-5.38914,0.13594,-0.33998,0.56822,-4.60513,0.40326,1.15795,-7.27439,0.51393,-0.11456,0.48775
local,0.56811,40.13758,120,-4.95428,0.65174,0.39145,-5.25988,-0.91305,0.23008,1.11603,-5.01393,0.95934,0.69423,-5.09778,-0.73286,0.02437,1.51644
local,0.52332,40.39257,120,-4.98350,0.70576,0.61112,-5.25816,0.24382,-0.46937,0.87852,-3.70575,1.16987,0.09570,-5.72910,0.34326,-0.57498,1.98915
local,0.35930,40.41014,120,-4.95959,0.63418,0.41157,-5.44273,0.35257,-0.41505,0.96310,-5.01813,0.02678,0.97763,-5.29455,0.38820,-0.53610,1.27212
