stage,theta,f,nfev,a_m,a_f,g_N,k,k_t,k_55,start_a_m,start_a_f,start_g_N,start_k,start_k_t,start_k_55
polish,1.00000,37.50046,200,-5.84881,0.10201,0.97164,-5.10830,-0.69353,6.14715,-5.87685,0.09859,1.02341,-5.11442,-0.71125,6.10137
local,0.99500,37.60761,100,-5.87685,0.09859,1.02341,-5.11442,-0.71125,6.10137,-5.87685,0.09859,1.02341,-5.11442,-0.71125,6.10137
local,0.99475,37.60848,100,-5.86988,0.10661,1.01758,-5.10490,-0.71341,6.10180,-5.88334,0.08205,1.01249,-5.09220,-0.66580,5.86026
local,0.99500,37.62106,100,-5.84446,0.10043,0.94866,-5.11793,-0.68161,5.99959,-5.89544,0.09076,1.01420,-5.08883,-0.67005,5.86475
local,0.99500,37.62286,100,-5.91671,0.10619,1.04292,-5.05036,-0.77633,6.23000,-5.87798,0.09438,1.01254,-5.10417,-0.71305,6.10571
local,0.99500,37.63189,100,-5.87370,0.11263,1.02538,-5.11381,-0.71236,6.07783,-5.87370,0.11263,1.02538,-5.11381,-0.71236,6.07783
local,0.98942,37.64097,100,-5.81497,0.09480,0.94425,-5.10448,-0.69585,5.89784,-5.92777,0.09338,0.99591,-5.08497,-0.66594,5.87354
local,0.99500,37.64166,100,-5.89129,0.08071,1.01460,-5.09398,-0.66017,5.87545,-5.89129,0.08071,1.01460,-5.09398,-0.66017,5.87545
local,0.99500,37.64424,100,-5.84297,0.11308,1.03842,-5.12393,-0.68657,5.88200,-5.91483,0.07788,1.00127,-5.08089,-0.66701,5.84989
local,0.98399,37.64728,100,-5.95456,0.09692,1.07843,-5.12947,-0.67416,5.98033,-5.87439,0.06047,1.01262,-5.14721,-0.64447,5.76582
local,0.99500,37.65773,100,-5.87071,0.11341,1.02680,-5.10890,-0.71497,6.08858,-5.87071,0.11341,1.02680,-5.10890,-0.71497,6.08858
local,0.99500,37.65908,100,-5.87537,0.09783,1.03565,-5.12680,-0.71629,6.09118,-5.87537,0.09783,1.03565,-5.12680,-0.71629,6.09118
local,0.99500,37.66190,100,-5.87725,0.10812,1.02270,-5.12585,-0.70723,6.09758,-5.87725,0.10812,1.02270,-5.12585,-0.70723,6.09758
local,0.97287,37.67473,100,-5.88488,0.08196,0.99825,-5.12907,-0.69732,6.03177,-5.86006,0.06899,0.98924,-5.16707,-0.67461,5.82240
local,0.99500,37.67620,100,-5.70984,0.10264,1.03108,-5.15724,-0.75032,6.09914,-5.86344,0.10081,1.03508,-5.12828,-0.70524,6.08061
local,0.99500,37.68618,100,-5.85571,0.11383,1.01957,-5.11543,-0.71325,6.08808,-5.85571,0.11383,1.01957,-5.11543,-0.71325,6.08808
local,0.97848,37.68625,100,-5.88765,0.11330,1.00041,-5.13341,-0.69485,5.85964,-5.89808,0.11957,1.00302,-5.13956,-0.68155,5.75890
local,0.99500,37.69871,100,-5.90672,0.10970,1.02835,-5.10295,-0.72548,6.36397,-5.86879,0.09257,1.03548,-5.11848,-0.70793,6.09379
local,0.99500,37.71736,100,-5.86202,0.11665,1.01140,-5.11930,-0.71941,6.08051,-5.86202,0.11665,1.01140,-5.11930,-0.71941,6.08051
local,0.94941,37.73760,100,-5.89947,0.08181,1.00810,-5.08344,-0.66447,5.86660,-5.70091,0.15601,1.00285,-5.23735,-0.61588,5.46248
local,0.89646,37.74519,100,-5.88210,0.07347,1.03264,-5.13467,-0.65930,5.76207,-5.92729,0.04835,1.29338,-5.48349,-0.48971,4.99659
local,0.90360,37.74730,100,-5.84170,0.10362,1.02844,-5.11627,-0.69992,5.41227,-5.51989,0.17508,0.92540,-5.45982,-0.77326,5.14217
local,0.86603,37.75017,100,-5.81838,0.08355,0.97173,-5.16042,-0.64277,5.59451,-6.15375,0.00395,1.06864,-5.44542,-0.41934,3.85424
local,0.87394,37.76065,100,-5.83184,0.10094,1.00105,-5.10720,-0.65296,5.87418,-5.71979,-0.14649,1.36098,-5.32755,-0.59214,4.37137
local,0.88164,37.77293,100,-5.87858,0.09800,1.07816,-5.15374,-0.64027,5.47309,-6.12977,0.29184,1.03028,-5.11710,-0.64960,4.10627
local,0.92407,37.77889,100,-5.89356,-0.13966,1.19282,-5.10492,-0.67685,5.88858,-5.77594,0.15685,1.12472,-5.30564,-0.56676,5.04294
local,0.93060,37.79683,100,-5.94707,-0.09248,1.08266,-5.12585,-0.64631,5.97632,-5.70442,0.04277,0.88483,-5.24169,-0.60045,5.61933
local,0.91740,37.79842,100,-5.72711,0.04975,1.07003,-5.11735,-0.69026,5.76222,-5.70091,0.23030,1.03368,-5.46970,-0.52196,5.00426
local,0.94327,37.81522,100,-5.91377,-0.09691,1.15553,-5.15376,-0.66034,6.10061,-5.79978,0.06240,1.15896,-5.29358,-0.61473,5.21258
local,0.96717,37.82149,100,-5.73549,0.08164,1.05689,-5.17794,-0.76408,6.19763,-5.90371,0.03479,1.13861,-5.18658,-0.64891,5.68811
local,0.91058,37.82765,100,-6.00371,-0.04757,1.09769,-5.14959,-0.65478,6.16290,-5.62252,-0.00588,1.07433,-5.54591,-0.67347,5.37075
local,0.96136,37.87216,100,-5.77886,-0.10992,1.15670,-5.12149,-0.67770,6.11548,-5.92626,0.13643,1.00852,-5.27236,-0.57225,5.65564
local,0.95544,37.95243,100,-5.94468,-0.05848,1.10116,-5.23987,-0.57471,5.78143,-5.79044,0.06312,0.92470,-5.23757,-0.60864,5.33135
local,0.84952,38.02390,100,-5.90433,0.11612,1.06779,-5.10543,-0.68375,4.76704,-5.62211,-0.14711,1.24461,-5.33710,-0.73960,3.37640
local,0.88914,38.03179,100,-5.80258,0.10408,1.00608,-5.10511,-0.61968,4.70332,-5.72395,0.12826,1.22213,-5.62695,-0.67219,4.15061
local,0.93700,38.05999,100,-5.93832,-0.07341,1.09257,-5.18492,-0.52573,5.63286,-5.84892,-0.05874,1.10971,-5.26784,-0.58997,5.23709
local,0.84090,38.13491,100,-5.87352,0.03235,0.99775,-5.29707,-0.37526,4.55738,-5.58833,0.24515,1.20663,-5.95193,-0.68941,4.11678
local,0.81329,38.16463,100,-6.00502,-0.00465,1.12771,-5.12074,-0.60389,4.60886,-5.98794,-0.30758,1.50379,-5.85233,-0.24170,3.51766
local,0.83200,38.20080,100,-5.94664,0.11261,0.99963,-5.14719,-0.60295,4.48959,-6.18745,-0.31341,1.30258,-5.24827,-0.49181,3.03393
local,0.85789,38.28592,100,-5.97798,-0.08221,1.07628,-5.27028,-0.37781,4.36387,-5.93876,-0.01925,1.23491,-5.78049,-0.54547,3.98340
local,0.82280,38.30571,100,-5.86375,0.10822,0.98107,-5.21216,-0.42645,3.91210,-5.43433,0.32062,0.79518,-6.00924,-0.26924,2.99250
local,0.74767,38.31180,100,-5.84550,0.10268,0.96046,-5.21228,-0.57308,3.87799,-5.85351,0.58276,1.06852,-4.99901,-0.73347,2.15300
local,0.80343,38.41941,100,-5.79634,-0.06841,0.87555,-5.17948,-0.47443,4.13596,-5.80275,-0.08257,1.60157,-5.52897,-0.80117,2.81570
local,0.73489,38.45469,100,-5.85830,0.13875,0.99970,-5.13865,-0.66777,3.47741,-5.27871,0.36343,1.31352,-5.24820,-0.91013,2.28874
local,0.65804,38.60868,100,-5.70639,0.10545,1.03383,-5.09686,-0.65951,1.57326,-6.11406,0.64319,0.20396,-6.06708,-0.21933,0.57107
local,0.75984,38.63152,100,-5.78162,0.10339,0.92269,-5.02885,-0.76386,3.00587,-5.80188,0.09081,0.73548,-4.84963,-0.80360,2.30021
local,0.78254,38.63789,100,-5.80635,0.11117,0.92962,-5.08956,-0.59106,2.44819,-5.70188,0.04852,1.04503,-5.81639,-0.86040,2.32950
local,0.69189,38.67423,100,-5.87147,0.05976,1.02330,-5.09704,-0.65883,2.47850,-5.72233,-0.30892,1.35497,-5.46170,-0.82387,1.74846
local,0.50000,38.69102,100,-5.69948,0.09855,1.06760,-5.20407,-0.62572,2.49178,-6.56761,-0.68151,0.84541,-5.29752,-0.47479,1.84360
local,0.72140,38.76818,100,-5.45044,0.09645,0.95672,-5.14966,-0.95972,3.00216,-5.23672,0.14641,0.96389,-4.89142,-0.99701,2.01267
local,0.70711,38.77251,100,-5.83547,0.09929,1.01019,-5.02186,-0.72005,1.73870,-5.76014,0.28107,1.17524,-6.40617,-0.99890,2.26336
local,0.53728,38.82614,100,-5.54978,0.10217,0.95950,-5.03161,-1.01854,0.88287,-6.92819,-0.17347,1.60051,-5.19747,-0.87431,0.74422
local,0.63894,38.84561,100,-5.74416,0.09920,0.93761,-5.11403,-0.67862,0.66100,-6.15393,0.36320,1.00219,-5.77270,-0.31470,0.21798
local,0.79319,38.87773,100,-5.68164,0.11233,1.00584,-5.03835,-0.91775,1.67729,-6.10767,-0.19342,1.21143,-4.87552,-0.89708,0.98167
local,0.77144,38.89454,100,-5.70635,-0.06739,0.85763,-5.21919,-0.49767,2.43207,-6.17862,-0.18859,1.67470,-5.31592,-0.53062,1.56426
local,0.61797,38.92810,100,-5.87267,0.07686,0.98925,-5.05635,-0.64732,0.59006,-5.54834,0.22904,0.49633,-6.10113,-0.27499,-0.23368
local,0.37992,38.94709,100,-5.84247,0.10662,0.94383,-5.11210,-0.65079,-1.02811,-6.77759,0.31381,0.08924,-5.33166,-0.23160,-1.38332
local,0.45180,38.98910,100,-5.46602,0.12062,1.02616,-4.98793,-1.02436,1.37486,-6.11744,0.92728,0.11371,-4.87567,-1.03979,0.95683
local,0.67560,39.05167,100,-5.44838,0.08523,0.95917,-5.08928,-0.86488,0.24888,-6.32068,0.21496,1.09921,-5.39781,-0.78578,-0.38767
local,0.59460,39.10206,100,-5.69461,0.20282,0.84681,-5.06039,-0.72200,-1.53629,-6.14815,0.10908,0.82842,-7.22341,-0.60588,-0.58533
local,0.56811,39.18520,100,-6.00137,0.03836,1.09638,-5.03926,-0.72350,-0.90577,-6.07757,0.46774,0.69092,-6.49996,-0.73139,-0.00635
