stage,theta,f,nfev,a_m,a_f,g_N,k,k_t,k_t2,start_a_m,start_a_f,start_g_N,start_k,start_k_t,start_k_t2
polish,1.00000,38.31067,200,-5.70434,0.09719,1.04459,-5.04015,0.12777,-0.87195,-5.70434,0.09719,1.04459,-5.04015,0.12777,-0.88146
local,0.99500,38.32237,100,-5.70434,0.09719,1.04459,-5.04015,0.12777,-0.88146,-5.70434,0.09719,1.04459,-5.04015,0.12777,-0.88146
local,0.99475,38.33010,100,-5.69967,0.09108,1.03689,-5.03086,0.13094,-0.88419,-5.69967,0.09108,1.03689,-5.03086,0.13094,-0.88419
local,0.98942,38.34262,100,-5.71162,0.09500,1.04967,-5.02209,0.13032,-0.88683,-5.71162,0.09500,1.04967,-5.02209,0.13032,-0.88683
local,0.99500,38.37993,100,-5.71133,0.09951,1.04392,-5.02989,0.05419,-0.83208,-5.70268,0.07975,1.04751,-5.04004,0.13126,-0.88285
local,0.96717,38.39734,100,-5.69951,0.10830,1.05108,-4.98350,0.04623,-0.85011,-5.70400,0.04785,1.11299,-5.00269,0.10278,-0.88419
local,0.99500,38.39899,100,-5.70273,0.10259,1.05945,-5.05301,0.05588,-0.78284,-5.71426,0.07987,1.02034,-5.02399,0.13049,-0.88537
local,0.72140,38.40182,100,-5.69789,0.08382,1.02726,-5.02625,0.13704,-0.88934,-6.24796,-0.30422,1.26061,-4.90983,-0.11167,-0.79114
local,0.99500,38.40264,100,-5.71060,0.09386,1.02367,-5.02677,0.12720,-0.88174,-5.71060,0.09386,1.02367,-5.02677,0.12720,-0.88174
local,0.99500,38.40298,100,-5.70395,0.09306,1.03361,-5.04113,0.12644,-0.88008,-5.70395,0.09306,1.03361,-5.04113,0.12644,-0.88008
local,0.99500,38.42427,100,-5.69265,0.10121,1.03060,-5.04564,0.12072,-0.88092,-5.69265,0.10121,1.03060,-5.04564,0.12072,-0.88092
local,0.99500,38.43336,100,-5.70329,0.08793,1.05338,-5.04808,0.14567,-0.87551,-5.69407,0.08537,1.05429,-5.05462,0.13488,-0.88090
local,0.99500,38.43830,100,-5.70600,0.08238,1.05486,-5.05313,0.12384,-0.87879,-5.70600,0.08238,1.05486,-5.05313,0.12384,-0.87879
local,0.99500,38.44654,100,-5.71889,0.11157,1.03827,-5.03225,0.11623,-0.92252,-5.68458,0.09115,1.02920,-5.03718,0.13294,-0.88453
local,0.99500,38.44782,100,-5.70421,0.08015,1.05105,-5.04891,0.13629,-0.88082,-5.70421,0.08015,1.05105,-5.04891,0.13629,-0.88082
local,0.85789,38.44938,100,-5.69993,0.09385,1.04064,-5.15949,0.32565,-0.84355,-5.48322,-0.09469,0.88079,-5.08021,0.15473,-0.84702
local,0.87394,38.45636,100,-5.86503,0.11225,0.96055,-4.89310,-0.04702,-0.87661,-5.52935,-0.12307,1.25689,-5.15427,-0.09199,-0.83913
local,0.99500,38.47584,100,-5.70257,0.09194,1.02642,-5.05748,0.17992,-0.84267,-5.69911,0.07923,1.05545,-5.03143,0.12404,-0.88330
local,0.99500,38.48552,100,-5.70379,0.10731,1.01464,-5.03648,0.18224,-0.85905,-5.70554,0.07135,1.04667,-5.03402,0.14188,-0.88984
local,0.91740,38.49400,100,-5.70410,0.11715,1.02137,-5.11839,0.33994,-0.90489,-5.68075,0.05300,1.29527,-5.23122,0.11346,-0.88424
local,0.65804,38.50305,100,-5.70776,0.09568,1.01652,-5.25093,0.54354,-0.76553,-5.12344,-0.48245,1.04497,-5.91186,0.45371,-0.59048
local,0.99500,38.50328,100,-5.70470,0.07602,1.05594,-5.05368,0.12685,-0.87654,-5.70470,0.07602,1.05594,-5.05368,0.12685,-0.87654
local,0.94327,38.51854,100,-5.66527,0.10587,0.99158,-5.02417,-0.01685,-0.75376,-5.80513,0.08777,0.99637,-5.09931,0.03045,-0.80310
local,0.97848,38.52249,100,-5.60538,0.10370,1.01972,-5.04738,0.13754,-0.77535,-5.72312,0.07649,1.09291,-5.09628,0.15207,-0.88389
local,0.88914,38.52872,100,-5.56779,0.08038,1.05687,-5.05927,0.11904,-0.85646,-5.36798,0.18904,0.96782,-5.38544,-0.09948,-0.83726
local,0.92407,38.52899,100,-5.70442,0.11383,0.95937,-5.05739,0.06248,-0.70567,-5.53072,0.19255,1.06975,-5.15192,0.11820,-0.82205
local,0.69189,38.54239,100,-5.84490,0.09863,0.94964,-5.08091,0.08605,-0.54543,-5.60342,0.06900,1.69007,-5.33864,-0.22163,-0.61064
local,0.97287,38.54883,100,-5.70367,0.12888,1.00889,-5.09664,0.13330,-0.78137,-5.68149,0.13232,1.05983,-5.05705,0.08503,-0.85167
local,0.90360,38.56775,100,-5.70389,0.10322,1.07462,-5.18194,0.28571,-0.81503,-5.65562,0.17686,1.21614,-5.22356,0.15837,-0.89365
local,0.95544,38.57244,100,-5.69961,0.09988,0.99133,-5.12127,0.32090,-0.82556,-5.70401,0.16191,1.01588,-5.14500,0.06596,-0.86877
local,0.82280,38.58197,100,-5.92843,0.09574,1.04988,-5.10140,0.23835,-0.70405,-5.84034,-0.06487,1.35764,-5.76774,0.04564,-0.67435
local,0.70711,38.59701,100,-5.82682,0.08473,0.97073,-5.10421,0.31443,-0.86260,-6.02110,0.15957,0.74493,-5.27458,0.31651,-0.79808
local,0.80343,38.60053,100,-5.70950,0.10317,1.08806,-5.09368,-0.03867,-0.53595,-5.39038,0.28888,1.22730,-5.33286,0.12123,-0.56504
local,0.96136,38.61265,100,-5.72591,0.10996,1.01890,-5.10697,0.15283,-0.69076,-5.58694,0.08550,1.05887,-5.09299,0.09632,-0.84215
local,0.93700,38.61388,100,-5.65506,0.10765,1.00200,-5.13230,0.25843,-0.80486,-5.61906,0.05393,0.98226,-5.22408,0.06299,-0.81772
local,0.84952,38.61706,100,-5.73690,0.09527,1.02458,-5.17922,0.57612,-0.90620,-5.37093,0.27174,0.87685,-5.73102,0.28821,-0.87948
local,0.81329,38.61959,100,-5.84725,0.10459,0.93577,-5.08995,-0.01285,-0.61030,-5.69561,0.03897,1.03811,-5.65723,-0.18417,-0.64670
local,0.73489,38.62144,100,-5.72470,0.08618,1.06063,-5.08943,-0.01182,-0.59388,-5.72111,-0.25828,1.29744,-5.52402,0.08318,-0.60808
local,0.59460,38.62655,100,-5.91633,0.08551,1.01314,-5.02697,-0.10036,-0.47198,-5.62006,-0.19264,1.18835,-6.33020,-0.04639,-0.54554
local,0.53728,38.62660,100,-5.71974,0.08159,1.01005,-5.02244,-0.21702,-0.45884,-6.47598,-0.76165,2.08333,-5.10883,-0.28305,-0.38553
local,0.74767,38.62747,100,-5.70432,0.11621,1.02346,-5.18541,0.11217,-0.60264,-5.75372,0.24943,1.14271,-6.34002,-0.05240,-0.52547
local,0.88164,38.63783,100,-5.68287,0.09636,0.96002,-5.18965,0.38552,-0.78537,-5.94345,-0.06590,1.35993,-5.14805,0.10950,-0.81878
local,0.79319,38.64120,100,-5.87395,0.05773,0.98949,-5.05746,0.26524,-0.71403,-5.47211,-0.26357,1.09654,-5.16932,0.42690,-0.70468
local,0.91058,38.64592,100,-5.69379,0.11908,1.00808,-5.17353,0.52249,-0.87822,-5.58149,0.24266,1.08936,-5.37307,0.19809,-0.89121
local,0.83200,38.65192,100,-5.62814,0.08933,1.07043,-5.03700,-0.12535,-0.59668,-5.79727,0.40525,1.05146,-4.97296,-0.04603,-0.71067
local,0.93060,38.65548,100,-5.83902,0.11767,0.96052,-5.15035,0.38734,-0.80449,-5.72085,-0.01570,1.30179,-5.24822,0.11431,-0.86329
local,0.77144,38.65826,100,-5.49317,0.09837,0.97775,-5.08825,-0.12502,-0.51526,-5.32214,0.13151,0.96310,-5.04718,-0.00831,-0.58368
local,0.94941,38.67609,100,-5.70252,0.13533,1.05234,-5.16740,0.28252,-0.79831,-5.54556,0.07087,1.01012,-5.10892,0.15600,-0.89490
local,0.98399,38.70115,100,-5.61383,0.10290,1.08766,-5.10128,0.18067,-0.77475,-5.67604,0.06245,1.03147,-5.09094,0.14421,-0.88608
local,0.86603,38.70593,100,-5.73316,0.07274,1.05212,-5.05631,0.09878,-0.61502,-5.57078,0.11726,1.33454,-5.55230,-0.07788,-0.68077
local,0.78254,38.70987,100,-5.67047,0.11343,0.99652,-5.32322,0.55881,-0.77990,-6.30639,-0.15905,1.30843,-5.40645,0.66126,-0.68235
local,0.50000,38.71028,100,-5.70916,0.11981,0.91144,-4.96406,-0.45574,-0.36360,-5.75466,0.32597,0.56087,-4.83328,-0.41850,-0.38871
local,0.84090,38.71906,100,-5.52407,0.11445,0.97774,-5.09726,0.10201,-0.68144,-5.46421,0.22929,1.26280,-5.79549,-0.09228,-0.67214
local,0.61797,38.73707,100,-5.73565,0.08034,1.09544,-5.19771,0.31910,-0.80984,-5.66431,-0.55564,1.34115,-7.01245,0.09573,-0.65078
local,0.89646,38.74717,100,-5.91725,0.02154,1.06525,-5.04750,0.22669,-0.70358,-5.48357,-0.01976,1.14031,-5.48652,0.02075,-0.79535
local,0.67560,38.78477,100,-5.69728,0.06513,1.05344,-5.24220,0.30624,-0.65223,-5.64863,-0.38142,1.51662,-5.61647,0.43721,-0.50640
local,0.63894,38.81544,100,-5.42194,0.10050,1.03976,-5.20714,0.32768,-0.68901,-5.55557,-0.85137,1.21353,-6.08593,1.24653,-0.68854
local,0.37992,38.82218,100,-5.84556,0.11440,1.06331,-5.23900,0.73181,-0.87255,-5.93594,-0.78093,0.98788,-5.16668,0.86886,-0.75452
local,0.56811,38.93797,100,-5.46578,0.10230,1.02633,-5.28683,0.26534,-0.60791,-5.46142,0.10787,0.74466,-6.16676,0.40908,-0.31360
local,0.75984,38.99996,100,-5.44146,0.10917,1.03221,-5.37429,0.95087,-0.90698,-5.93879,0.09835,1.33057,-5.92440,0.89048,-0.76384
local,0.45180,39.04869,100,-5.71199,0.10435,1.10474,-5.50650,0.93171,-0.75719,-6.22092,-0.03906,0.77743,-5.38026,1.18035,-0.74418
