block,figure,gkos_mort,fitted
a,cumrank_h1,25.46140,4.79650
a,cumrank_h5,20.64894,6.08007
a,exit_h1,3.81848,2.77402
a,exit_h5,7.77397,4.90031
b,chg_abs_h1,8.81422,6.52460
b,chg_abs_h5,13.54305,9.87867
b,persist_h1,5.80676,1.24588
b,persist_h5,6.43922,5.28460
c,byage_lq_h0,19.12986,7.27766
c,fwd_dec_h0,4.26031,2.44759
c,fwd_h0,10.76080,3.19873
c,lifetime_h0,14.38165,0.66182
c,trans_cum_h0,0.26068,0.14340
c,yrs_hist_h0,14.22891,0.37869
d,trans_cur_h0,0.37564,0.28737
d,trans_fut_lq_h0,0.71648,0.27591
d,trans_life_h0,1.03681,0.04953
all,all,157.45719,56.20536
