stage,theta,f,nfev,a_m,a_f,g_N,start_a_m,start_a_f,start_g_N
polish,1.00000,46.97799,113,-4.26504,0.66113,1.16736,-4.26493,0.66114,1.16743
local,0.99500,46.98853,100,-4.26493,0.66114,1.16743,-4.27980,0.65299,1.18593
local,0.85789,46.99024,100,-4.26500,0.66234,1.16831,-4.71235,0.13564,1.86533
local,0.99500,46.99407,100,-4.27953,0.65979,1.17090,-4.27930,0.65384,1.17868
local,0.99500,46.99426,100,-4.26469,0.66151,1.16734,-4.26376,0.66496,1.16111
local,0.99500,46.99437,100,-4.26485,0.66048,1.17013,-4.25793,0.65886,1.16811
local,0.99500,46.99833,100,-4.23667,0.66117,1.16923,-4.27071,0.65050,1.17650
local,0.99500,46.99918,100,-4.23533,0.66091,1.16958,-4.26319,0.65356,1.17681
local,0.99500,47.00196,100,-4.23197,0.65995,1.17068,-4.26577,0.65343,1.16894
local,0.99475,47.00470,92,-4.26265,0.66130,1.16917,-4.26389,0.66969,1.16475
local,0.99500,47.00479,100,-4.26501,0.66351,1.16662,-4.27673,0.66085,1.17379
local,0.99500,47.00557,100,-4.26182,0.66160,1.16882,-4.25617,0.66261,1.16335
local,0.97848,47.00815,100,-4.26385,0.66388,1.16603,-4.28787,0.61516,1.22894
local,0.99500,47.01059,86,-4.27994,0.66066,1.17001,-4.25972,0.66028,1.17524
local,0.99500,47.01179,88,-4.26405,0.66122,1.17004,-4.26059,0.65768,1.17477
local,0.99500,47.01228,100,-4.26182,0.66128,1.16942,-4.27829,0.65365,1.18017
local,0.99500,47.01332,100,-4.27691,0.66042,1.16825,-4.27513,0.66182,1.17770
local,0.99500,47.01349,87,-4.26423,0.66399,1.16636,-4.26261,0.66838,1.16199
local,0.99500,47.01481,85,-4.26395,0.66295,1.16749,-4.26516,0.67000,1.16630
local,0.99500,47.01559,93,-4.26335,0.66388,1.16560,-4.26620,0.65974,1.18164
local,0.99500,47.02076,96,-4.27559,0.66241,1.16670,-4.27613,0.66321,1.16729
local,0.99500,47.02485,91,-4.22700,0.66133,1.16964,-4.26458,0.65698,1.17990
local,0.59460,47.02870,100,-4.61580,0.11123,1.64114,-4.79278,0.19748,1.67334
local,0.99500,47.04035,80,-4.27545,0.66332,1.16628,-4.25747,0.66617,1.16801
local,0.99500,47.04793,100,-4.23789,0.64568,1.18397,-4.25682,0.65868,1.17082
local,0.99500,47.06027,100,-4.27897,0.64602,1.18436,-4.27385,0.65305,1.17277
local,0.91740,47.06261,84,-4.23149,0.66127,1.17118,-4.27313,0.70957,1.07397
local,0.99500,47.06320,100,-4.26287,0.63462,1.19555,-4.26507,0.65567,1.18223
local,0.99500,47.06494,96,-4.26277,0.65803,1.16349,-4.26116,0.66123,1.16257
local,0.83200,47.06523,100,-4.57765,0.10214,1.65653,-4.86546,0.05322,1.88978
local,0.99500,47.06825,100,-4.26039,0.64645,1.18400,-4.26918,0.66576,1.17483
local,0.99500,47.07187,87,-4.26072,0.64559,1.18498,-4.26997,0.65830,1.16397
local,0.99500,47.07207,100,-4.26175,0.63449,1.19536,-4.26149,0.65494,1.16654
local,0.99500,47.07370,100,-4.28131,0.66231,1.18374,-4.26494,0.66790,1.17214
local,0.99500,47.07645,100,-4.26189,0.66223,1.15777,-4.26167,0.65291,1.17163
local,0.99500,47.07732,100,-4.26440,0.63536,1.19454,-4.26928,0.65641,1.18609
local,0.99500,47.07758,100,-4.24239,0.66163,1.18459,-4.25667,0.66076,1.16737
local,0.73489,47.08141,100,-4.57078,0.10220,1.65183,-4.74115,-0.11136,1.73340
local,0.99500,47.08268,100,-4.26492,0.63444,1.19496,-4.26591,0.65124,1.17253
local,0.99500,47.08280,100,-4.27819,0.65711,1.18244,-4.27657,0.65715,1.18104
local,0.99500,47.08729,99,-4.27937,0.66152,1.17831,-4.27847,0.65816,1.17635
local,0.84952,47.09184,100,-4.57564,0.11277,1.65426,-4.78279,-0.06556,1.79419
local,0.99500,47.09406,99,-4.26476,0.66409,1.16087,-4.26653,0.65560,1.16499
local,0.99500,47.09682,100,-4.23151,0.71307,1.11684,-4.27316,0.65646,1.16774
local,0.74767,47.09783,100,-4.60108,0.15558,1.63030,-4.43269,0.41924,1.60818
local,0.99500,47.10212,100,-4.28086,0.66277,1.18225,-4.26009,0.65523,1.17130
local,0.88164,47.10557,96,-4.61774,0.12674,1.65252,-4.66619,-0.05384,1.84598
local,0.99500,47.10773,100,-4.26281,0.63220,1.19698,-4.26936,0.66371,1.16249
local,0.99500,47.10879,100,-4.23784,0.66632,1.17382,-4.26969,0.66868,1.16648
local,0.99500,47.11074,100,-4.30557,0.63373,1.19606,-4.27201,0.64903,1.18189
local,0.99500,47.11454,92,-4.23384,0.65983,1.17778,-4.27690,0.65094,1.18744
local,0.78254,47.11851,100,-4.62192,0.12454,1.70990,-4.83485,-0.00611,1.61605
local,0.99500,47.12022,100,-4.26515,0.66131,1.17687,-4.26447,0.66659,1.17420
local,0.99500,47.12920,99,-4.27643,0.62071,1.20996,-4.27052,0.66129,1.18036
local,0.84090,47.13240,100,-4.27892,0.61734,1.22137,-4.41822,0.24757,1.41474
local,0.98942,47.13299,91,-4.25391,0.65714,1.18145,-4.25173,0.66262,1.17354
local,0.97287,47.14697,100,-4.30867,0.66650,1.21113,-4.31151,0.66826,1.20557
local,0.50000,47.15051,100,-4.55257,0.40338,1.43686,-4.32278,0.35429,1.39456
local,0.56811,47.15109,100,-4.48209,0.62323,1.26648,-4.30353,0.45071,1.07126
local,0.99500,47.15271,100,-4.27832,0.62078,1.22140,-4.27330,0.65514,1.16979
local,0.93700,47.15419,100,-4.59548,0.08241,1.67325,-4.37838,0.55678,1.35365
local,0.89646,47.16044,100,-4.59887,0.10604,1.49903,-4.41967,0.57428,1.42463
local,0.93060,47.16556,100,-4.58201,0.11220,1.46620,-4.41178,0.57396,1.26318
local,0.67560,47.16844,100,-4.25952,0.61446,1.27431,-4.58863,0.37840,1.58148
local,0.53728,47.16968,100,-4.62914,0.29278,1.52067,-4.69385,0.12049,1.71758
local,0.77144,47.17153,100,-4.49502,0.60125,1.36990,-4.67575,0.25702,1.35799
local,0.81329,47.17842,100,-4.59747,0.29200,1.47293,-4.54100,-0.06719,1.84261
local,0.65804,47.18209,100,-4.47301,0.59406,1.34740,-4.92385,0.56973,1.21495
local,0.37992,47.18472,95,-4.47886,0.62032,1.31819,-4.64584,0.31050,1.18915
local,0.86603,47.18724,100,-4.59813,0.29803,1.53211,-4.40519,0.24373,1.56071
local,0.96136,47.19304,100,-4.46402,0.65145,1.33227,-4.32224,0.68675,1.20670
local,0.94327,47.19923,100,-4.48512,0.46701,1.38850,-4.38286,0.58843,1.28933
local,0.75984,47.20152,100,-4.58150,0.29105,1.46207,-4.47801,0.01384,1.45876
local,0.91058,47.21116,100,-4.48624,0.40271,1.56708,-4.32651,0.76038,1.18058
local,0.94941,47.21405,100,-4.48977,0.23861,1.37425,-4.33179,0.58741,1.32452
local,0.72140,47.21530,93,-4.45972,0.42837,1.41113,-4.82329,0.26231,1.82750
local,0.45180,47.21596,100,-4.48816,0.20677,1.37196,-4.36243,0.58078,1.18266
local,0.87394,47.21632,97,-4.62433,0.15182,1.51139,-4.50402,0.02759,1.59565
local,0.90360,47.21722,100,-4.72612,0.12227,1.75227,-4.19602,0.75381,1.08575
local,0.96717,47.22029,100,-4.46747,0.40055,1.39683,-4.33991,0.61197,1.22661
local,0.92407,47.22459,100,-4.23646,0.61630,1.32346,-4.26326,0.56820,1.32129
local,0.69189,47.22592,100,-4.63331,0.08523,1.53748,-4.92982,0.26244,1.48783
local,0.88914,47.23616,100,-4.48661,0.14822,1.44286,-4.58575,0.11212,1.50208
local,0.61797,47.24094,100,-4.55199,0.10453,1.50848,-4.59776,0.58645,1.34139
local,0.80343,47.24336,100,-4.57018,0.40971,1.38543,-4.43535,0.12124,1.77035
local,0.82280,47.24802,100,-4.59120,0.35987,1.42394,-4.77472,0.09227,1.51054
local,0.63894,47.25297,100,-4.57188,0.29449,1.57908,-5.06267,0.26930,1.35459
local,0.98399,47.25479,91,-4.48256,0.63190,1.19882,-4.29010,0.62863,1.21624
local,0.79319,47.27474,100,-4.33502,0.39770,1.35865,-4.65245,-0.11040,1.69942
local,0.95544,47.27727,83,-4.23150,0.29310,1.52034,-4.27739,0.57085,1.24324
local,0.70711,47.33411,100,-4.61278,0.40686,1.52419,-4.61977,0.50658,1.42312
