stage,theta,f,nfev,a_m,a_f,start_a_m,start_a_f
polish,1.00000,53.36590,56,-4.16152,1.05328,-4.16143,1.05337
local,0.99500,53.36686,46,-4.16143,1.05337,-4.16414,1.05112
local,0.83200,53.36789,54,-4.16208,1.05527,-4.16331,0.95781
local,0.99500,53.37314,49,-4.16159,1.05864,-4.16584,1.05249
local,0.45180,53.37463,53,-4.16214,1.05535,-3.95455,1.17889
local,0.99500,53.37506,50,-4.16176,1.05892,-4.16508,1.05931
local,0.99475,53.37865,54,-4.16347,1.05266,-4.16142,1.05020
local,0.97848,53.37878,42,-4.16168,1.05553,-4.16895,1.03770
local,0.87394,53.38718,66,-4.08426,1.05518,-4.03066,1.11465
local,0.96136,53.39768,51,-4.08357,1.05827,-4.11269,1.05239
local,0.98399,53.39818,56,-4.08342,1.05267,-4.14858,1.06953
local,0.75984,53.39998,45,-4.08046,1.05832,-4.03481,1.16396
local,0.77144,53.40084,63,-4.08209,1.05303,-4.23650,0.97001
local,0.50000,53.40176,49,-4.08325,1.05896,-3.81262,1.00265
local,0.82280,53.40753,54,-4.08199,1.05832,-4.27366,1.08832
local,0.53728,53.42089,54,-4.08388,1.05446,-4.05239,1.11068
local,0.97287,53.42342,38,-4.08383,1.05208,-4.14227,1.07897
local,0.65804,53.42973,55,-4.16356,1.06603,-3.66370,1.16475
local,0.98942,53.44530,43,-4.07959,1.05239,-4.15553,1.04579
local,0.91740,53.45733,46,-4.16206,1.06775,-4.23828,1.04592
local,0.94327,53.45899,53,-3.90735,1.05572,-4.11641,1.01736
local,0.96717,53.45956,69,-4.16263,1.17841,-4.18596,1.03970
local,0.78254,53.46440,53,-4.16225,1.11972,-4.28712,1.04613
local,0.88914,53.46992,48,-4.16024,1.07761,-4.07342,0.99947
local,0.79319,53.47000,63,-4.08481,1.17030,-3.96957,1.01655
local,0.37992,53.47175,66,-4.08371,1.10954,-3.75833,1.07789
local,0.70711,53.47552,61,-4.08108,1.17028,-4.08219,1.17525
local,0.95544,53.47650,44,-4.08202,1.06957,-4.16383,1.09731
local,0.59460,53.48136,51,-4.08427,1.10980,-3.86017,0.98558
local,0.85789,53.48505,59,-4.03296,1.05816,-4.05197,0.98114
local,0.72140,53.48558,54,-4.03297,1.05863,-4.16123,0.92960
local,0.73489,53.48839,58,-4.08434,1.11966,-4.11491,1.19403
local,0.88164,53.48847,36,-4.08089,1.07715,-4.02348,1.06433
local,0.67560,53.49003,49,-3.91391,1.05523,-4.01771,1.10494
local,0.80343,53.50149,45,-4.08533,1.17534,-4.14405,1.17856
local,0.90360,53.50214,40,-4.08508,1.12037,-4.05336,1.02437
local,0.91058,53.50300,42,-4.08215,1.07397,-4.24048,1.03488
local,0.61797,53.50637,47,-4.08313,1.17197,-3.94417,1.19901
local,0.56811,53.51012,62,-4.08282,1.11671,-4.01623,1.04351
local,0.94941,53.51088,52,-4.08338,1.11599,-4.20061,1.08069
local,0.84090,53.51571,41,-4.08320,1.11684,-4.23258,0.99827
local,0.74767,53.54510,50,-3.90722,1.10990,-3.93684,1.11196
local,0.69189,53.54626,44,-4.03163,1.04603,-4.02495,0.96180
local,0.63894,53.54799,39,-4.16043,1.10515,-3.67155,1.02086
local,0.92407,53.55238,42,-4.03170,1.06577,-4.10377,1.00590
local,0.93060,53.55248,68,-3.90578,1.16349,-4.13037,1.00353
local,0.86603,53.56825,44,-4.08421,1.14882,-4.08421,1.14882
local,0.89646,53.56875,58,-3.90661,1.11599,-4.17583,1.13784
local,0.93700,53.57042,51,-3.90710,1.14013,-4.09960,1.09587
local,0.81329,53.57981,46,-4.03258,1.11019,-4.26385,1.12109
local,0.84952,53.59196,47,-3.94110,1.10990,-4.10831,1.16483
