stage,theta,f,nfev,a_m,a_f,g_N,k,k_t,k_t2,ten_hyp,start_a_m,start_a_f,start_g_N,start_k,start_k_t,start_k_t2,start_ten_hyp
polish,1.00000,37.14322,200,-6.27691,-0.26885,1.39515,-4.98287,-1.86754,0.54859,-0.79370,-6.27072,-0.27215,1.39189,-4.98265,-1.86508,0.54711,-0.80190
local,0.99209,37.18768,120,-6.27072,-0.27215,1.39189,-4.98265,-1.86508,0.54711,-0.80190,-6.43501,-0.35685,1.53568,-4.98420,-1.86335,0.53642,-0.84674
local,0.98942,37.19321,120,-6.41743,-0.39034,1.54306,-5.03928,-1.82692,0.55086,-0.94841,-6.41123,-0.32714,1.53314,-4.99522,-1.86367,0.54089,-0.80165
local,0.85374,37.21859,120,-6.46295,-0.35112,1.54093,-4.98059,-1.86648,0.54801,-0.84712,-6.22910,-0.45692,1.37360,-5.49963,-1.97355,0.58520,-0.72730
local,0.92736,37.24003,120,-6.32739,-0.33181,1.43794,-4.98010,-1.91667,0.54574,-0.87646,-6.46399,-0.24332,1.38316,-5.05611,-1.69239,0.44726,-0.76410
local,0.91401,37.24732,120,-6.29685,-0.36776,1.42169,-4.99629,-1.89593,0.55711,-0.87345,-6.64746,-0.46087,1.38505,-4.94274,-1.85886,0.53166,-0.81366
local,0.99475,37.25511,120,-6.37927,-0.30004,1.52405,-4.98615,-1.84184,0.55006,-0.99983,-6.44782,-0.33870,1.53214,-5.00539,-1.85264,0.54342,-0.84538
local,0.99500,37.25904,120,-6.27976,-0.27290,1.39509,-4.99837,-1.84640,0.54263,-0.79433,-6.27976,-0.27290,1.39509,-4.99837,-1.84640,0.54263,-0.79433
local,0.99500,37.25949,120,-6.24832,-0.26015,1.38375,-4.99351,-1.84627,0.54243,-0.77733,-6.24832,-0.26015,1.38375,-4.99351,-1.84627,0.54243,-0.77733
local,0.99500,37.26415,120,-6.34414,-0.28734,1.42691,-4.99073,-1.86264,0.55533,-0.73962,-6.46887,-0.35028,1.52696,-4.97730,-1.85767,0.54340,-0.82782
local,0.99500,37.26649,120,-6.44625,-0.33597,1.53628,-4.98364,-1.86081,0.54218,-0.81672,-6.46609,-0.35138,1.55752,-4.98027,-1.86472,0.54331,-0.83664
local,0.99500,37.26670,120,-6.25624,-0.26472,1.39642,-4.99748,-1.86186,0.54223,-0.78051,-6.25624,-0.26472,1.39642,-4.99748,-1.86186,0.54223,-0.78051
local,0.99500,37.26916,120,-6.24622,-0.24987,1.37939,-4.98559,-1.86355,0.53940,-0.77196,-6.24622,-0.24987,1.37939,-4.98559,-1.86355,0.53940,-0.77196
local,0.98399,37.26941,120,-6.46178,-0.31023,1.53068,-4.98131,-1.85911,0.54162,-0.83397,-6.46186,-0.38108,1.59537,-4.99820,-1.83240,0.52843,-0.82017
local,0.72140,37.27039,120,-6.40521,-0.43015,1.51212,-5.05233,-1.99273,0.59692,-0.76179,-6.68167,-0.04713,0.79088,-4.80453,-1.64615,0.23353,-0.42104
local,0.99500,37.27525,120,-6.40981,-0.37105,1.52375,-5.01343,-1.89281,0.57660,-0.62110,-6.45658,-0.33740,1.54147,-5.00550,-1.86323,0.54603,-0.84303
local,0.95244,37.27648,120,-6.47939,-0.38943,1.56748,-4.98644,-1.81482,0.52480,-0.86271,-6.40657,-0.22708,1.52110,-5.00444,-1.86112,0.50903,-0.64775
local,0.97848,37.27723,120,-6.38005,-0.41494,1.46673,-5.04609,-1.80787,0.54572,-0.96982,-6.49020,-0.36986,1.49465,-4.95731,-1.84788,0.51588,-0.80353
local,0.99500,37.27857,120,-6.26000,-0.26336,1.38909,-4.97809,-1.86091,0.54115,-0.79378,-6.26000,-0.26336,1.38909,-4.97809,-1.86091,0.54115,-0.79378
local,0.84090,37.28681,120,-6.23047,-0.20587,1.32898,-4.97019,-1.99275,0.58683,-0.57604,-5.91109,-0.44812,1.42353,-5.78827,-1.80119,0.44168,-0.46889
local,0.99500,37.29442,120,-6.24573,-0.25997,1.38190,-5.00126,-1.85610,0.54098,-0.76905,-6.24573,-0.25997,1.38190,-5.00126,-1.85610,0.54098,-0.76905
local,0.99500,37.30024,120,-6.25147,-0.26059,1.39445,-4.99327,-1.86527,0.54810,-0.78252,-6.25147,-0.26059,1.39445,-4.99327,-1.86527,0.54810,-0.78252
local,0.99500,37.30117,120,-6.31440,-0.26872,1.39431,-4.97335,-1.86881,0.54080,-0.73689,-6.46517,-0.33469,1.53049,-4.98059,-1.86355,0.54467,-0.83941
local,0.97569,37.30295,120,-6.44165,-0.44247,1.56547,-4.99249,-1.88534,0.56983,-0.81352,-6.34743,-0.31861,1.52528,-5.06797,-1.79684,0.51513,-0.78199
local,0.99500,37.30437,120,-6.17492,-0.20374,1.30216,-4.99035,-1.84154,0.53238,-0.69314,-6.26690,-0.26459,1.37710,-4.97850,-1.86236,0.54263,-0.79979
local,0.99500,37.30447,120,-6.27484,-0.25918,1.37964,-4.98274,-1.86279,0.54049,-0.78969,-6.27484,-0.25918,1.37964,-4.98274,-1.86279,0.54049,-0.78969
local,0.99500,37.30531,120,-6.26168,-0.26468,1.38692,-5.00453,-1.85523,0.54688,-0.79756,-6.26168,-0.26468,1.38692,-5.00453,-1.85523,0.54688,-0.79756
local,0.99500,37.30540,120,-6.26508,-0.27075,1.40368,-5.00306,-1.85591,0.54217,-0.78769,-6.26508,-0.27075,1.40368,-5.00306,-1.85591,0.54217,-0.78769
local,0.97287,37.31447,120,-6.49981,-0.44039,1.66006,-4.96745,-1.73484,0.49559,-0.98685,-6.52488,-0.41559,1.56948,-4.96725,-1.82227,0.52060,-0.81331
local,0.99500,37.33619,120,-6.25553,-0.25262,1.38153,-4.99562,-1.84865,0.54447,-0.50209,-6.28293,-0.26389,1.39295,-4.99162,-1.84719,0.54220,-0.80049
local,0.99500,37.33901,120,-6.26952,-0.26889,1.39860,-5.00741,-1.84958,0.54478,-0.78564,-6.26952,-0.26889,1.39860,-5.00741,-1.84958,0.54478,-0.78564
local,0.96428,37.34725,120,-6.17236,-0.21104,1.29693,-5.03906,-1.93027,0.55719,-0.70488,-6.31266,-0.22538,1.47930,-5.12474,-1.85631,0.52382,-0.63303
local,0.99500,37.36193,120,-6.24236,-0.25061,1.37762,-5.00473,-1.85582,0.54180,-0.74416,-6.24667,-0.25251,1.38009,-5.00429,-1.85698,0.54209,-0.77978
local,0.88541,37.36705,120,-6.10221,-0.22951,1.40843,-4.98464,-1.82949,0.52176,-0.69740,-6.03472,-0.00742,1.40209,-5.44103,-1.85124,0.37403,-0.26819
local,0.98125,37.37504,120,-6.20991,-0.28041,1.37039,-5.00727,-1.81106,0.52324,-0.74061,-6.50118,-0.33875,1.47976,-4.98282,-1.80541,0.51982,-0.81863
local,0.96717,37.37545,120,-6.34664,-0.29025,1.41261,-5.01886,-1.84525,0.54264,-0.69999,-6.46262,-0.30817,1.53508,-5.04005,-1.82858,0.54307,-0.72846
local,0.98672,37.39930,120,-6.19012,-0.26423,1.40411,-4.97995,-1.82823,0.52672,-0.71151,-6.42225,-0.36624,1.55563,-5.04464,-1.84904,0.54567,-0.84423
local,0.91740,37.40042,120,-6.05957,-0.21498,1.37727,-5.02118,-1.85448,0.52863,-0.66645,-6.12850,-0.28579,1.44378,-5.14277,-1.79906,0.51242,-0.48071
local,0.90005,37.40143,120,-6.20690,-0.23991,1.36160,-5.01339,-1.80443,0.52441,-0.61785,-6.13307,-0.29461,1.24405,-4.89987,-1.87155,0.39685,-0.47152
local,0.77705,37.41838,120,-6.27641,-0.27982,1.39108,-5.03529,-1.66627,0.46405,-0.89379,-6.67896,-0.58836,2.05250,-5.99900,-1.48041,0.33665,-0.80665
local,0.94327,37.42206,120,-6.21642,-0.21400,1.42919,-5.01696,-1.81239,0.51487,-0.93873,-6.36746,-0.30466,1.64496,-4.99001,-1.84004,0.52617,-0.82654
local,0.80343,37.42214,120,-6.14063,-0.22548,1.27764,-5.01266,-1.80963,0.52503,-0.33619,-5.86619,-0.09817,1.02139,-5.39804,-1.98047,0.53951,-0.23621
local,0.93060,37.42673,120,-6.07637,-0.25327,1.40003,-5.05972,-1.69719,0.48182,-0.70639,-6.30678,-0.38999,1.45640,-5.14297,-1.68991,0.48244,-0.73904
local,0.88164,37.43064,120,-6.22659,-0.46136,1.68999,-5.02272,-1.77439,0.50127,-0.94223,-5.99923,-0.33063,1.51948,-5.05342,-1.84143,0.50979,-0.70378
local,0.66699,37.43841,120,-6.00409,-0.21613,1.39487,-4.96622,-1.85801,0.53029,-0.59261,-5.49126,-0.63746,1.61178,-5.68157,-1.62979,0.35402,-0.59185
local,0.85789,37.44611,120,-6.03105,-0.10124,1.15476,-4.97785,-1.93700,0.57728,-0.20916,-6.13364,-0.01341,1.11571,-5.08820,-1.93755,0.40933,-0.00700
local,0.90711,37.45485,120,-6.18822,-0.37142,1.60535,-5.05789,-1.83414,0.52234,-0.89984,-6.26750,-0.12348,1.46256,-5.33646,-1.76042,0.48004,-0.83598
local,0.95544,37.46302,120,-6.12589,-0.20823,1.29511,-5.03089,-1.78031,0.53641,-0.45747,-6.39315,-0.22480,1.44237,-5.09955,-1.83466,0.55399,-0.63190
local,0.64870,37.46683,120,-6.11696,-0.20831,1.24364,-5.03603,-1.95864,0.57202,-0.32375,-5.93608,0.09547,1.67970,-5.50236,-1.55748,0.45075,-0.01164
local,0.95841,37.47549,120,-6.31035,-0.25242,1.44820,-5.00059,-1.75578,0.51421,-0.83000,-6.38170,-0.29638,1.61540,-5.10455,-1.80460,0.51384,-0.78069
local,0.97003,37.49379,120,-6.38509,-0.40070,1.49074,-4.98926,-1.76215,0.50771,-0.69628,-6.50143,-0.42584,1.56121,-5.02228,-1.75328,0.50243,-0.84271
local,0.86603,37.50481,120,-6.06935,-0.43217,1.55965,-5.00902,-1.91583,0.54195,-0.83879,-6.48544,-0.49773,1.97934,-5.47610,-1.75232,0.39216,-0.70175
local,0.89282,37.50572,120,-6.17062,-0.28470,1.42721,-5.05922,-1.67821,0.48886,-0.81790,-6.52253,-0.33929,1.34234,-5.00024,-1.62358,0.47422,-0.45745
local,0.93382,37.51665,120,-5.94474,-0.27477,1.45249,-5.02248,-1.78620,0.51205,-0.72307,-6.52272,-0.28626,1.46184,-5.06839,-1.66499,0.47781,-0.67138
local,0.61797,37.51915,120,-5.95937,-0.24193,1.37039,-4.99030,-1.75797,0.49584,-0.56129,-6.21138,-0.43661,0.90223,-5.07128,-1.35576,0.25055,0.27588
local,0.94015,37.52741,120,-6.23298,-0.48624,1.70787,-5.04782,-1.74713,0.49831,-0.84737,-6.54927,-0.37540,1.60140,-5.26313,-1.84407,0.57282,-0.82951
local,0.88914,37.52914,120,-6.00286,-0.24379,1.38530,-4.95354,-1.78586,0.48817,-0.63592,-5.98238,-0.29001,1.43828,-5.21094,-1.76160,0.42858,-0.61888
local,0.92407,37.55393,120,-5.91785,-0.22853,1.37078,-4.99681,-1.78950,0.49365,-0.44744,-6.14067,-0.24159,1.34079,-5.23731,-1.78587,0.54404,-0.45762
local,0.93700,37.56531,120,-6.20092,-0.34371,1.52941,-5.03284,-1.72845,0.49715,-0.88009,-6.49003,-0.54393,1.72716,-4.98600,-1.85431,0.46692,-0.83465
local,0.74767,37.56585,120,-5.98472,-0.25670,1.39923,-5.01749,-1.71021,0.48701,-0.67319,-5.72896,-0.60619,1.41327,-5.33218,-1.69636,0.42074,-0.55421
local,0.96136,37.57393,120,-6.34094,-0.22031,1.43014,-5.02287,-1.73260,0.49350,-0.61477,-6.39472,-0.22941,1.47551,-5.01931,-1.73351,0.49293,-0.62458
local,0.80840,37.58999,120,-6.05764,-0.22609,1.30174,-4.97452,-1.75345,0.50465,-0.72755,-6.25633,-0.33212,1.66186,-4.97135,-1.64186,0.44540,-0.66276
local,0.82744,37.59443,120,-6.38688,-0.29193,1.50076,-4.93955,-1.67917,0.45979,-0.71003,-6.23962,-0.66430,2.03852,-5.81503,-1.55987,0.49830,-0.65509
local,0.75383,37.59496,120,-6.08211,-0.27684,1.58763,-5.02543,-1.74456,0.50210,-0.80498,-6.94967,-0.13753,1.34790,-4.89777,-1.74090,0.43798,-0.17843
local,0.91058,37.61435,120,-6.00277,-0.14422,1.29025,-5.02708,-1.65148,0.45847,-0.60703,-6.41842,-0.24171,1.44943,-5.22331,-1.62872,0.50800,-0.50498
local,0.81809,37.61569,120,-6.07150,-0.29624,1.50491,-4.98920,-1.71385,0.48440,-0.75425,-6.08907,-0.71754,1.94232,-5.59114,-1.80710,0.57572,-0.76994
local,0.94941,37.63760,120,-6.03532,-0.15984,1.20157,-5.02823,-1.72696,0.50778,-0.36371,-6.28485,-0.20233,1.52192,-5.21018,-1.68213,0.49418,-0.62509
local,0.92076,37.64324,120,-6.03623,-0.26149,1.44028,-5.04344,-1.60451,0.45612,-0.74162,-6.37146,-0.39056,1.48742,-5.34354,-1.59985,0.49119,-0.72126
local,0.87001,37.64865,120,-6.11593,-0.14884,1.24266,-4.97427,-1.68884,0.46102,-0.30385,-6.35333,-0.28451,1.25588,-4.92739,-1.77439,0.44677,-0.22025
local,0.94636,37.65438,120,-6.13258,-0.39360,1.63047,-5.03521,-1.59836,0.44077,-0.89336,-6.20406,-0.28334,1.46701,-5.24491,-1.79390,0.48140,-0.66782
local,0.87781,37.66901,120,-6.29135,-0.20183,1.44393,-4.99774,-1.73499,0.48890,-0.43559,-6.26343,-0.46013,1.75531,-5.59014,-1.74141,0.55912,-0.56659
local,0.68389,37.68001,120,-6.33073,-0.47562,1.62000,-5.10104,-1.56040,0.46039,-0.96377,-5.79605,0.38180,1.12269,-5.33207,-1.65123,0.21830,-0.62344
local,0.75984,37.71169,120,-6.08541,-0.44915,1.46206,-5.01827,-1.73519,0.49211,-0.73310,-6.42271,-0.70938,2.20950,-5.74440,-1.41254,0.34330,-0.62401
local,0.81329,37.71660,120,-5.94223,-0.04430,1.09126,-4.92991,-1.76653,0.49221,-0.26682,-5.73326,-0.05563,1.49289,-5.47075,-1.73810,0.42269,-0.29957
local,0.84952,37.71782,120,-6.08434,-0.25282,1.60739,-5.02516,-1.67823,0.48196,-0.73760,-5.99973,-0.26792,1.68593,-5.46029,-1.72729,0.39738,-0.71484
local,0.84524,37.72345,120,-6.05047,-0.39406,1.59306,-5.03320,-1.82956,0.55033,-0.58733,-5.81003,0.13063,1.06176,-5.49701,-1.70166,0.41541,-0.02851
local,0.79836,37.73147,120,-5.87721,-0.26266,1.37368,-5.19394,-1.54663,0.44746,-0.49807,-6.05624,0.02271,1.46808,-5.52781,-1.37078,0.45319,-0.71828
local,0.79319,37.74771,120,-5.89973,0.06364,0.98896,-4.99457,-1.77985,0.52551,-0.09789,-5.71040,-0.21950,1.18593,-5.68066,-1.86834,0.50827,-0.03693
local,0.83648,37.76730,120,-6.10841,-0.07024,1.20517,-5.00353,-1.66797,0.46574,-0.40489,-5.94006,-0.14704,1.53716,-4.98905,-1.76013,0.39776,-0.21869
local,0.73489,37.78193,120,-6.04045,-0.24233,1.41687,-5.02734,-1.64903,0.45695,-0.57243,-5.35973,-0.03962,1.63276,-5.86858,-1.31715,0.14095,-0.44390
local,0.90360,37.79718,120,-6.05393,-0.22275,1.37821,-4.96071,-1.55579,0.39551,-0.67469,-6.21747,-0.21527,1.35153,-5.35934,-1.65345,0.46526,-0.45622
local,0.71436,37.80000,120,-5.77766,0.07342,0.95476,-4.98215,-1.91486,0.57656,0.23176,-5.43843,0.77200,0.52799,-4.89301,-1.81552,0.27137,0.45022
local,0.89646,37.83144,120,-5.84405,-0.24804,1.37211,-5.12019,-1.51003,0.43946,-0.47637,-6.24288,-0.20243,1.62981,-5.06716,-1.57733,0.39964,-0.42573
local,0.86199,37.89621,120,-5.83628,-0.20917,1.34418,-5.17611,-1.53911,0.43720,-0.57813,-6.31121,-0.40717,1.47561,-5.18921,-1.52415,0.47015,-0.47235
local,0.78792,37.92316,120,-5.88414,-0.20032,1.38768,-5.17776,-1.55766,0.45212,-0.64338,-5.65785,-0.04694,1.29072,-5.29335,-1.38631,0.43519,-0.09613
local,0.78254,37.94820,120,-5.96693,-0.26205,1.37244,-5.18491,-1.47057,0.42679,-0.56402,-6.58259,-0.01671,1.65756,-5.17650,-1.53291,0.33400,-0.52818
local,0.77144,37.97946,120,-5.98110,-0.39658,1.68710,-5.41801,-1.43164,0.44585,-0.89391,-5.95813,-0.72330,1.60361,-5.88870,-1.32167,0.49199,-0.67989
local,0.83200,37.99540,120,-5.65609,0.16974,0.77178,-4.96777,-1.94436,0.59408,0.37432,-5.68457,0.24210,1.15852,-5.12394,-1.87884,0.52661,0.17662
local,0.72824,38.05796,120,-5.89035,-0.21650,1.34611,-5.06266,-1.43268,0.40895,-0.60262,-5.55243,-0.08869,1.85509,-6.10272,-1.44064,0.23724,-0.26368
local,0.67560,38.05972,120,-6.32836,-0.37700,1.42202,-4.97465,-1.35897,0.34881,-0.87360,-5.81510,-0.72492,2.18759,-5.25334,-1.74727,0.01717,-0.38076
local,0.74136,38.10847,120,-6.14402,-0.18706,1.53059,-5.08427,-1.36371,0.35364,-0.79014,-6.51450,-0.34624,2.03917,-6.24001,-1.33007,0.50868,-0.42816
local,0.63894,38.16408,120,-5.94630,-0.11566,1.23084,-5.13075,-1.39670,0.41442,-0.26675,-5.80564,-0.56852,1.03127,-4.90613,-1.27729,0.33710,0.16902
local,0.87394,38.18451,120,-5.77275,-0.04314,1.11734,-5.19212,-1.39452,0.41906,-0.18950,-6.05645,-0.27485,1.44779,-5.17188,-1.50533,0.39706,-0.08568
local,0.82280,38.25814,120,-5.55467,0.12553,1.05996,-5.18762,-1.59144,0.47273,0.19667,-5.70273,0.09870,0.89589,-5.23636,-1.67530,0.43984,0.33649
local,0.70711,38.28991,120,-5.97885,-0.20029,1.39128,-5.21252,-1.07928,0.28515,-0.70261,-6.19195,-0.76840,1.75829,-6.14350,-0.78847,0.33997,-0.53512
local,0.58181,38.30528,120,-6.16496,-0.29215,1.40752,-4.89466,-1.44320,0.00746,-0.76607,-5.18593,0.47233,1.44380,-6.76942,-1.88323,-0.06856,0.18279
local,0.76570,38.32139,120,-5.51099,0.15818,0.92168,-5.27084,-1.68262,0.53743,0.38579,-5.82031,0.37727,1.19887,-5.36982,-1.83660,0.58466,0.39163
local,0.56811,38.33377,120,-5.83625,-0.17167,1.35632,-5.18199,-1.35878,0.34611,-0.45218,-5.45069,0.18085,1.26585,-6.32796,-1.70804,-0.00535,0.60310
local,0.62872,38.33922,120,-5.28346,0.13023,0.74413,-5.11119,-1.82590,0.55531,0.47273,-5.18602,0.49840,1.30107,-4.98634,-1.78955,0.48342,0.45423
local,0.31947,38.45778,120,-5.46028,0.19187,0.95983,-5.07928,-1.86502,0.56849,0.61537,-4.56933,1.50574,0.11828,-6.97978,-1.70502,0.69778,0.70596
local,0.47772,38.53314,120,-5.56419,0.11136,1.10373,-5.06524,-1.43441,0.39468,-0.16804,-5.12819,1.59784,0.00740,-6.09889,-1.21170,0.03359,0.40488
local,0.45180,38.55025,120,-5.96261,-0.13939,1.41381,-5.08710,-0.51642,-0.19406,-0.59887,-4.37084,0.99988,1.05947,-6.83706,-0.61952,-0.11061,-0.04376
local,0.65804,38.66689,120,-5.79767,-0.12028,1.40691,-5.08677,-1.21662,0.24693,-0.57284,-5.53612,-0.19616,0.91930,-4.70680,-1.39574,0.03098,0.30546
local,0.42045,38.69747,120,-5.66299,-0.05530,1.16562,-5.16720,-0.93925,0.18921,-0.34841,-5.31138,-0.33902,2.12822,-6.74779,-0.75464,0.27088,-0.18857
local,0.69189,38.73408,120,-5.46141,0.13334,0.87239,-5.16196,-1.28829,0.33911,0.26330,-5.09569,0.81644,0.76100,-5.46737,-1.16966,0.07920,0.74564
local,0.69962,38.73907,120,-5.93104,-0.09145,1.21080,-5.22016,-0.98943,0.25894,-0.14972,-5.78994,0.12728,1.82477,-5.99680,-0.82534,0.21139,-0.60412
local,0.37992,38.96963,120,-5.78186,0.08392,1.13664,-5.17547,-0.85312,0.21003,-0.05025,-5.88213,0.58654,1.99081,-6.28127,-0.44021,0.07651,-0.28635
local,0.60662,39.12667,120,-5.59991,0.10478,1.03687,-5.05567,-0.73031,0.05079,-0.00139,-5.14526,0.10455,1.52486,-5.64308,-0.34994,0.05154,0.34872
local,0.59460,39.14333,120,-5.49771,0.17651,0.89278,-5.17544,-0.87006,0.13766,0.24715,-6.59942,0.33389,0.63448,-5.08501,-0.89890,0.16067,0.74894
local,0.55334,39.24866,120,-5.37576,0.29327,0.72933,-5.21979,-0.97409,0.26656,0.52512,-4.82880,0.98966,0.30690,-5.55900,-1.56551,0.03982,1.02701
local,0.51964,39.32285,120,-5.39920,0.53038,0.51916,-5.14784,-1.19634,0.31517,0.80841,-3.61788,1.70767,-0.29634,-6.26613,-1.17308,0.15568,1.53262
local,0.53728,40.12876,120,-5.35383,0.54413,0.73790,-5.35999,-0.23350,-0.11030,0.50831,-4.67919,0.76415,0.41810,-5.23252,-0.32815,-0.08738,1.01827
local,0.50000,40.23584,120,-5.28643,0.62590,0.45986,-5.38734,-0.47352,0.11945,1.04948,-4.96379,0.59621,0.56190,-6.15012,-0.44970,0.03363,1.45245
