stage,theta,f,nfev,a_m,a_f,g_N,k,k_t,k_t2,kappa,start_a_m,start_a_f,start_g_N,start_k,start_k_t,start_k_t2,start_kappa
polish,1.00000,35.20582,200,-6.07145,1.03424,0.89794,-5.48946,-1.45991,0.54568,0.40913,-6.06598,1.04310,0.89788,-5.47914,-1.45721,0.54255,0.41037
local,0.99500,35.26378,100,-6.06598,1.04310,0.89788,-5.47914,-1.45721,0.54255,0.41037,-6.06598,1.04310,0.89788,-5.47914,-1.45721,0.54255,0.41037
local,0.99500,35.28379,100,-6.06843,1.03373,0.88358,-5.47810,-1.45559,0.53940,0.40983,-6.06843,1.03373,0.88358,-5.47810,-1.45559,0.53940,0.40983
local,0.99500,35.30509,100,-6.06399,1.03372,0.91068,-5.46501,-1.47306,0.54846,0.40391,-6.06399,1.03372,0.91068,-5.46501,-1.47306,0.54846,0.40391
local,0.99500,35.30615,100,-6.07623,1.02391,0.90103,-5.47687,-1.44867,0.53964,0.40672,-6.07623,1.02391,0.90103,-5.47687,-1.44867,0.53964,0.40672
local,0.99500,35.32117,100,-6.06239,1.02363,0.88718,-5.47086,-1.45888,0.54182,0.40970,-6.06239,1.02363,0.88718,-5.47086,-1.45888,0.54182,0.40970
local,0.99500,35.32460,100,-6.04513,1.06224,0.88925,-5.48925,-1.44319,0.53658,0.41178,-6.04513,1.06224,0.88925,-5.48925,-1.44319,0.53658,0.41178
local,0.99500,35.32596,100,-6.04576,1.03168,0.89797,-5.48481,-1.44851,0.54063,0.41317,-6.04576,1.03168,0.89797,-5.48481,-1.44851,0.54063,0.41317
local,0.99500,35.33533,100,-6.11103,1.09745,0.80996,-5.42327,-1.48070,0.54990,0.41295,-6.06379,1.03829,0.90486,-5.47489,-1.45073,0.53887,0.40548
local,0.99500,35.33977,100,-6.07198,1.02708,0.90314,-5.47325,-1.45615,0.53669,0.41368,-6.07198,1.02708,0.90314,-5.47325,-1.45615,0.53669,0.41368
local,0.99500,35.34500,100,-6.05171,1.02132,0.92494,-5.46839,-1.47909,0.55516,0.40016,-6.10186,1.10781,0.74656,-5.38948,-1.52123,0.54982,0.39766
local,0.99500,35.35019,100,-6.05427,1.03224,0.89899,-5.48255,-1.45402,0.53934,0.40635,-6.05427,1.03224,0.89899,-5.48255,-1.45402,0.53934,0.40635
local,0.99500,35.36291,100,-6.06803,1.04355,0.89023,-5.48184,-1.44728,0.53565,0.40702,-6.06803,1.04355,0.89023,-5.48184,-1.44728,0.53565,0.40702
local,0.99500,35.36320,100,-6.04132,1.03989,0.91282,-5.48011,-1.46506,0.54631,0.40323,-6.04132,1.03989,0.91282,-5.48011,-1.46506,0.54631,0.40323
local,0.99500,35.36754,100,-6.15418,1.13632,0.91681,-5.43987,-1.49532,0.55179,0.42221,-6.06315,1.05737,0.90905,-5.49037,-1.44998,0.54141,0.41586
local,0.99500,35.36925,100,-6.07219,1.05404,0.88408,-5.50029,-1.44826,0.54100,0.41049,-6.07219,1.05404,0.88408,-5.50029,-1.44826,0.54100,0.41049
local,0.99500,35.37015,100,-6.05111,1.03959,0.91233,-5.48141,-1.44962,0.53638,0.41018,-6.05111,1.03959,0.91233,-5.48141,-1.44962,0.53638,0.41018
local,0.99500,35.37031,100,-6.05053,1.05892,0.88686,-5.49743,-1.44253,0.53856,0.41214,-6.05053,1.05892,0.88686,-5.49743,-1.44253,0.53856,0.41214
local,0.99500,35.37285,100,-6.07768,1.01952,0.90427,-5.49168,-1.45133,0.54237,0.41486,-6.07768,1.01952,0.90427,-5.49168,-1.45133,0.54237,0.41486
local,0.99500,35.37522,100,-6.04390,1.03445,0.90412,-5.49179,-1.45197,0.53947,0.40934,-6.04390,1.03445,0.90412,-5.49179,-1.45197,0.53947,0.40934
local,0.99500,35.37973,100,-6.14787,1.22514,0.80467,-5.39368,-1.59012,0.57635,0.40556,-6.12224,1.11780,0.76729,-5.41739,-1.52081,0.55639,0.39747
local,0.99500,35.37990,100,-6.07922,1.04478,0.90140,-5.48563,-1.44137,0.53766,0.40470,-6.07922,1.04478,0.90140,-5.48563,-1.44137,0.53766,0.40470
local,0.99500,35.38002,100,-6.06583,1.05750,0.88390,-5.48436,-1.45408,0.53758,0.41158,-6.06583,1.05750,0.88390,-5.48436,-1.45408,0.53758,0.41158
local,0.99500,35.38053,100,-6.06287,1.02895,0.91620,-5.49910,-1.44735,0.53997,0.40577,-6.06287,1.02895,0.91620,-5.49910,-1.44735,0.53997,0.40577
local,0.99500,35.38530,100,-6.05055,1.02860,0.90989,-5.49567,-1.44208,0.53542,0.40848,-6.05055,1.02860,0.90989,-5.49567,-1.44208,0.53542,0.40848
local,0.99500,35.38804,100,-6.04368,1.05378,0.89617,-5.47577,-1.45551,0.53541,0.41161,-6.04368,1.05378,0.89617,-5.47577,-1.45551,0.53541,0.41161
local,0.99500,35.39289,100,-6.07140,1.03899,0.88573,-5.48301,-1.44592,0.53969,0.40557,-6.07140,1.03899,0.88573,-5.48301,-1.44592,0.53969,0.40557
local,0.99500,35.39492,100,-6.05686,1.02904,0.90642,-5.47182,-1.45893,0.53549,0.40699,-6.05686,1.02904,0.90642,-5.47182,-1.45893,0.53549,0.40699
local,0.99500,35.39774,100,-6.06719,1.02255,0.91276,-5.48153,-1.46572,0.54321,0.40816,-6.06719,1.02255,0.91276,-5.48153,-1.46572,0.54321,0.40816
local,0.99500,35.39928,100,-6.06479,1.02777,0.88727,-5.48512,-1.44065,0.53689,0.41361,-6.06479,1.02777,0.88727,-5.48512,-1.44065,0.53689,0.41361
local,0.99500,35.40113,100,-6.07126,1.02382,0.91521,-5.50074,-1.45051,0.53877,0.40891,-6.07126,1.02382,0.91521,-5.50074,-1.45051,0.53877,0.40891
local,0.99500,35.40233,100,-6.07304,1.02447,0.90626,-5.46972,-1.46638,0.54369,0.40788,-6.07304,1.02447,0.90626,-5.46972,-1.46638,0.54369,0.40788
local,0.99500,35.40594,100,-6.05271,1.03314,0.88864,-5.49553,-1.45667,0.53649,0.41238,-6.05271,1.03314,0.88864,-5.49553,-1.45667,0.53649,0.41238
local,0.99500,35.40938,100,-6.07736,1.05009,0.88772,-5.48742,-1.44623,0.53843,0.41030,-6.07736,1.05009,0.88772,-5.48742,-1.44623,0.53843,0.41030
local,0.99500,35.41017,100,-6.08051,1.04573,0.91287,-5.49264,-1.44871,0.53551,0.40869,-6.08051,1.04573,0.91287,-5.49264,-1.44871,0.53551,0.40869
local,0.99500,35.41214,100,-6.05420,1.04112,0.90672,-5.49056,-1.45107,0.53620,0.40489,-6.05420,1.04112,0.90672,-5.49056,-1.45107,0.53620,0.40489
local,0.99500,35.41461,100,-6.05038,1.03739,0.90683,-5.49391,-1.44405,0.53907,0.41495,-6.05038,1.03739,0.90683,-5.49391,-1.44405,0.53907,0.41495
local,0.99500,35.42152,100,-6.05233,1.02454,0.90068,-5.47447,-1.45663,0.53883,0.41034,-6.05233,1.02454,0.90068,-5.47447,-1.45663,0.53883,0.41034
local,0.99500,35.42233,100,-6.06099,1.03995,0.92471,-5.47329,-1.46943,0.54864,0.40616,-6.06099,1.03995,0.92471,-5.47329,-1.46943,0.54864,0.40616
local,0.99500,35.42601,100,-6.07575,1.02845,0.89799,-5.49010,-1.45520,0.53777,0.41126,-6.07575,1.02845,0.89799,-5.49010,-1.45520,0.53777,0.41126
local,0.99500,35.42605,100,-6.15228,1.15294,0.94012,-5.44848,-1.45223,0.53701,0.41705,-6.05013,1.04086,0.92082,-5.47909,-1.46636,0.54189,0.40680
local,0.99500,35.42673,100,-6.07487,1.02617,0.91818,-5.48162,-1.45719,0.54200,0.40789,-6.07487,1.02617,0.91818,-5.48162,-1.45719,0.54200,0.40789
local,0.99500,35.43435,100,-6.05311,1.02361,0.91954,-5.47757,-1.47957,0.54639,0.40653,-6.05396,1.03097,0.92873,-5.47669,-1.47496,0.54450,0.40549
local,0.99500,35.43569,100,-6.07371,1.05674,0.91730,-5.48756,-1.45221,0.53980,0.41150,-6.07371,1.05674,0.91730,-5.48756,-1.45221,0.53980,0.41150
local,0.99500,35.43726,100,-6.04890,1.03149,0.90580,-5.47814,-1.47265,0.54656,0.40758,-6.04890,1.03149,0.90580,-5.47814,-1.47265,0.54656,0.40758
local,0.99500,35.43878,100,-6.16350,1.06023,0.81821,-5.43671,-1.55532,0.57046,0.42021,-6.07956,1.04419,0.89278,-5.48685,-1.45155,0.53906,0.41905
local,0.99500,35.43895,100,-6.05188,1.05972,0.89392,-5.49073,-1.44518,0.53510,0.40628,-6.05188,1.05972,0.89392,-5.49073,-1.44518,0.53510,0.40628
local,0.99500,35.43902,100,-6.06989,1.04155,0.91183,-5.47831,-1.45084,0.54077,0.41509,-6.06989,1.04155,0.91183,-5.47831,-1.45084,0.54077,0.41509
local,0.99500,35.43912,100,-6.13915,1.08499,0.80666,-5.39727,-1.48519,0.55121,0.41230,-6.04768,1.02175,0.91856,-5.47084,-1.46716,0.54092,0.40329
local,0.99500,35.43994,100,-6.05429,1.03539,0.91238,-5.49458,-1.45053,0.54115,0.41378,-6.05429,1.03539,0.91238,-5.49458,-1.45053,0.54115,0.41378
local,0.99500,35.44002,100,-6.05654,1.01501,0.91876,-5.46686,-1.46970,0.55168,0.40398,-6.05654,1.01501,0.91876,-5.46686,-1.46970,0.55168,0.40398
local,0.99500,35.44162,100,-6.06507,1.03215,0.93616,-5.48374,-1.46912,0.55191,0.40459,-6.06507,1.03215,0.93616,-5.48374,-1.46912,0.55191,0.40459
local,0.99500,35.44292,100,-6.07200,1.05758,0.89334,-5.48001,-1.45909,0.53979,0.41757,-6.07200,1.05758,0.89334,-5.48001,-1.45909,0.53979,0.41757
local,0.99500,35.44427,100,-6.04775,1.04808,0.90291,-5.48728,-1.45944,0.54357,0.41496,-6.04775,1.04808,0.90291,-5.48728,-1.45944,0.54357,0.41496
local,0.99500,35.44462,100,-6.10880,1.11392,0.75005,-5.39565,-1.52536,0.55693,0.39614,-5.92310,1.07182,0.87691,-5.46352,-1.49286,0.55598,0.43753
local,0.99500,35.44502,100,-6.06863,1.03869,0.89387,-5.49845,-1.44676,0.54077,0.41822,-6.06863,1.03869,0.89387,-5.49845,-1.44676,0.54077,0.41822
local,0.99500,35.45018,100,-6.18440,1.05587,0.99636,-5.48837,-1.46291,0.54645,0.40695,-6.10254,1.12709,0.73787,-5.39469,-1.52592,0.55578,0.39905
local,0.99500,35.45208,100,-6.07278,1.03062,0.89743,-5.47704,-1.45259,0.53852,0.40540,-6.07278,1.03062,0.89743,-5.47704,-1.45259,0.53852,0.40540
local,0.99500,35.45295,100,-6.07403,1.05222,0.88609,-5.47925,-1.44377,0.53793,0.40631,-6.07403,1.05222,0.88609,-5.47925,-1.44377,0.53793,0.40631
local,0.99500,35.45543,100,-6.07278,1.04565,0.90937,-5.47621,-1.45188,0.53545,0.40647,-6.07278,1.04565,0.90937,-5.47621,-1.45188,0.53545,0.40647
local,0.99500,35.45742,100,-6.05523,1.04317,0.89127,-5.49629,-1.44821,0.53829,0.41535,-6.05523,1.04317,0.89127,-5.49629,-1.44821,0.53829,0.41535
local,0.99500,35.45989,100,-6.06318,1.04408,0.88555,-5.47251,-1.45654,0.53809,0.40510,-6.06318,1.04408,0.88555,-5.47251,-1.45654,0.53809,0.40510
local,0.99500,35.46468,100,-6.05618,1.04278,0.91511,-5.47734,-1.45423,0.54143,0.40807,-6.05618,1.04278,0.91511,-5.47734,-1.45423,0.54143,0.40807
local,0.99500,35.46501,100,-6.06804,1.03094,0.90562,-5.48097,-1.45934,0.54216,0.40263,-6.06804,1.03094,0.90562,-5.48097,-1.45934,0.54216,0.40263
local,0.99500,35.46738,100,-6.07942,1.05727,0.91631,-5.47479,-1.45500,0.54050,0.41329,-6.07942,1.05727,0.91631,-5.47479,-1.45500,0.54050,0.41329
local,0.99500,35.47034,100,-6.11156,1.15058,0.92798,-5.61110,-1.49521,0.56988,0.41918,-6.04816,1.04494,0.88896,-5.49994,-1.45573,0.53538,0.40754
local,0.99500,35.47110,100,-6.04424,1.05262,0.88774,-5.48213,-1.45985,0.54004,0.40854,-6.04424,1.05262,0.88774,-5.48213,-1.45985,0.54004,0.40854
local,0.99500,35.47310,100,-6.07535,1.05796,0.90637,-5.50073,-1.44828,0.54031,0.41211,-6.06558,1.05035,0.91758,-5.49693,-1.44983,0.53853,0.40727
local,0.99500,35.47587,100,-6.05902,1.04696,0.89986,-5.48880,-1.44447,0.53926,0.40462,-6.05902,1.04696,0.89986,-5.48880,-1.44447,0.53926,0.40462
local,0.99500,35.47590,100,-6.07892,1.05178,0.90012,-5.49820,-1.45693,0.53798,0.40916,-6.07892,1.05178,0.90012,-5.49820,-1.45693,0.53798,0.40916
local,0.99500,35.47636,100,-6.07433,1.03628,0.91567,-5.49611,-1.45456,0.54103,0.40704,-6.07433,1.03628,0.91567,-5.49611,-1.45456,0.54103,0.40704
local,0.99500,35.47825,100,-6.15564,1.04399,0.79290,-5.47430,-1.48663,0.56193,0.41380,-6.12239,1.11295,0.76028,-5.39711,-1.51216,0.55266,0.39976
local,0.99500,35.48073,100,-6.05744,1.04838,0.89687,-5.49580,-1.45355,0.53892,0.40410,-6.05744,1.04838,0.89687,-5.49580,-1.45355,0.53892,0.40410
local,0.99500,35.48341,100,-6.12891,1.03077,0.87400,-5.54224,-1.39088,0.54106,0.41047,-6.05688,1.05918,0.89880,-5.48131,-1.45569,0.53742,0.40553
local,0.99500,35.48488,100,-6.08036,1.03608,0.89253,-5.48092,-1.45660,0.54124,0.41547,-6.08036,1.03608,0.89253,-5.48092,-1.45660,0.54124,0.41547
local,0.99500,35.48607,100,-6.04613,1.01724,0.94377,-5.48315,-1.46941,0.55214,0.40249,-6.04613,1.01724,0.94377,-5.48315,-1.46941,0.55214,0.40249
local,0.97848,35.48688,100,-6.05174,1.02146,0.92400,-5.47849,-1.47383,0.54053,0.42304,-5.90982,1.09500,0.85114,-5.44914,-1.49317,0.53503,0.42107
local,0.99500,35.48714,100,-6.11015,1.16754,0.84109,-5.51359,-1.46274,0.55486,0.41999,-6.10236,1.11576,0.73973,-5.40903,-1.51891,0.55416,0.39755
local,0.99500,35.48843,100,-6.05183,1.01430,0.93460,-5.47995,-1.47424,0.55196,0.40423,-6.05183,1.01430,0.93460,-5.47995,-1.47424,0.55196,0.40423
local,0.99500,35.48941,100,-6.06140,1.02919,0.93995,-5.47545,-1.47842,0.55207,0.40328,-6.06140,1.02919,0.93995,-5.47545,-1.47842,0.55207,0.40328
local,0.99500,35.49075,100,-6.07135,1.04840,0.91096,-5.49008,-1.44917,0.53662,0.40695,-6.07135,1.04840,0.91096,-5.49008,-1.44917,0.53662,0.40695
local,0.99500,35.49158,100,-6.04924,1.01288,0.91861,-5.47806,-1.46686,0.54939,0.40148,-6.04924,1.01288,0.91861,-5.47806,-1.46686,0.54939,0.40148
local,0.99500,35.49448,100,-5.98777,1.14980,0.89960,-5.50837,-1.44166,0.54981,0.43165,-6.04383,1.04245,0.89420,-5.50128,-1.45249,0.53637,0.41331
local,0.86603,35.49528,100,-5.91577,1.08208,0.87193,-5.45257,-1.50928,0.55942,0.43813,-6.28189,0.87699,1.43457,-5.64598,-1.49394,0.42691,0.45980
local,0.99500,35.49731,100,-6.06953,1.05962,0.90302,-5.47370,-1.44899,0.53848,0.41196,-6.06953,1.05962,0.90302,-5.47370,-1.44899,0.53848,0.41196
local,0.99500,35.49800,100,-6.10949,1.23981,0.84062,-5.41854,-1.51899,0.56182,0.41756,-6.10364,1.11225,0.74115,-5.40520,-1.52760,0.55168,0.39920
local,0.99500,35.49977,100,-6.06322,1.02923,0.91283,-5.48075,-1.45855,0.53494,0.40617,-6.06322,1.02923,0.91283,-5.48075,-1.45855,0.53494,0.40617
local,0.99500,35.50142,100,-6.04640,1.02766,0.91292,-5.46567,-1.47397,0.54684,0.40079,-6.04640,1.02766,0.91292,-5.46567,-1.47397,0.54684,0.40079
local,0.99500,35.50226,100,-6.02736,1.04227,0.72258,-5.45587,-1.51510,0.55999,0.42503,-6.04290,1.03922,0.93151,-5.47736,-1.46964,0.55177,0.39962
local,0.99500,35.50744,100,-6.05152,1.04852,0.90301,-5.47371,-1.47447,0.54867,0.40102,-6.05152,1.04852,0.90301,-5.47371,-1.47447,0.54867,0.40102
local,0.99500,35.50786,100,-6.05227,1.06014,0.90619,-5.47865,-1.45861,0.53701,0.41169,-6.05227,1.06014,0.90619,-5.47865,-1.45861,0.53701,0.41169
local,0.99500,35.50853,100,-6.15931,0.95616,0.93392,-5.53464,-1.44079,0.55188,0.41157,-6.07804,1.04369,0.88568,-5.50138,-1.45921,0.53683,0.41554
local,0.99500,35.50893,100,-6.20018,0.98777,1.06143,-5.44381,-1.55997,0.57274,0.41159,-6.11392,1.13129,0.74287,-5.40943,-1.52254,0.55125,0.39833
local,0.99500,35.50908,100,-6.05857,1.03955,0.89047,-5.50004,-1.45778,0.53837,0.41705,-6.05857,1.03955,0.89047,-5.50004,-1.45778,0.53837,0.41705
local,0.99500,35.50977,100,-6.06599,1.04941,0.89775,-5.48241,-1.45199,0.53627,0.41828,-6.06599,1.04941,0.89775,-5.48241,-1.45199,0.53627,0.41828
local,0.99500,35.51147,100,-6.03217,1.02485,0.92878,-5.47551,-1.47170,0.55168,0.40083,-6.03217,1.02485,0.92878,-5.47551,-1.47170,0.55168,0.40083
local,0.99500,35.51260,100,-6.06158,1.04984,0.90164,-5.50156,-1.45601,0.54060,0.40610,-6.06158,1.04984,0.90164,-5.50156,-1.45601,0.54060,0.40610
local,0.99500,35.51282,100,-6.05036,1.05083,0.89921,-5.49934,-1.44104,0.53726,0.41630,-6.05036,1.05083,0.89921,-5.49934,-1.44104,0.53726,0.41630
local,0.99500,35.51404,100,-6.10342,1.12871,0.74484,-5.39195,-1.51271,0.54921,0.39544,-6.10342,1.12871,0.74484,-5.39195,-1.51271,0.54921,0.39544
local,0.99500,35.51897,100,-6.05277,1.04096,0.91822,-5.49760,-1.45842,0.53967,0.40841,-6.05277,1.04096,0.91822,-5.49760,-1.45842,0.53967,0.40841
local,0.99500,35.52053,100,-6.15881,1.00360,1.09676,-5.45169,-1.50208,0.55945,0.41300,-6.11865,1.10624,0.75646,-5.40931,-1.50838,0.55240,0.39406
local,0.99500,35.52246,100,-6.11561,1.12111,0.74953,-5.40800,-1.52552,0.55501,0.39481,-6.11561,1.12111,0.74953,-5.40800,-1.52552,0.55501,0.39481
local,0.99500,35.52525,100,-6.05697,1.02840,0.91810,-5.47025,-1.45576,0.54199,0.39957,-6.05697,1.02840,0.91810,-5.47025,-1.45576,0.54199,0.39957
local,0.99500,35.52956,100,-6.04637,1.06203,0.90071,-5.49879,-1.44585,0.53944,0.40778,-6.04637,1.06203,0.90071,-5.49879,-1.44585,0.53944,0.40778
local,0.99500,35.53467,100,-6.07585,1.03050,0.90226,-5.45962,-1.47118,0.54304,0.39981,-6.07585,1.03050,0.90226,-5.45962,-1.47118,0.54304,0.39981
local,0.99500,35.53475,100,-6.06857,1.02095,0.91150,-5.48386,-1.47520,0.54624,0.40497,-6.06857,1.02095,0.91150,-5.48386,-1.47520,0.54624,0.40497
local,0.99500,35.53752,100,-6.05345,1.04439,0.90171,-5.47507,-1.45278,0.53674,0.41349,-6.05345,1.04439,0.90171,-5.47507,-1.45278,0.53674,0.41349
local,0.99500,35.54341,100,-6.10288,1.11684,0.74233,-5.41621,-1.51463,0.55071,0.39460,-6.10288,1.11684,0.74233,-5.41621,-1.51463,0.55071,0.39460
local,0.99500,35.54433,100,-6.11826,1.12460,0.75115,-5.39617,-1.51790,0.55427,0.39348,-6.11826,1.12460,0.75115,-5.39617,-1.51790,0.55427,0.39348
local,0.99500,35.54636,100,-6.07618,1.06143,0.89564,-5.47636,-1.44658,0.53653,0.40533,-6.07618,1.06143,0.89564,-5.47636,-1.44658,0.53653,0.40533
local,0.99500,35.54667,100,-5.93308,1.09100,0.91485,-5.47943,-1.45347,0.54675,0.42080,-6.10523,1.12655,0.75581,-5.39951,-1.51458,0.54916,0.40030
local,0.99500,35.54834,100,-6.06745,1.04091,0.88759,-5.47886,-1.44905,0.53510,0.41780,-6.06745,1.04091,0.88759,-5.47886,-1.44905,0.53510,0.41780
local,0.99500,35.54835,100,-6.21651,1.12749,0.89920,-5.42641,-1.54243,0.56284,0.40516,-6.11222,1.12012,0.75244,-5.38822,-1.52213,0.55185,0.39335
local,0.95544,35.55057,100,-5.98436,1.12009,0.78390,-5.52940,-1.58126,0.59165,0.40411,-5.78023,1.18225,0.79809,-5.59685,-1.52445,0.57599,0.43959
local,0.99500,35.55364,100,-6.04062,1.00493,0.93639,-5.48212,-1.47487,0.55501,0.39965,-6.04062,1.00493,0.93639,-5.48212,-1.47487,0.55501,0.39965
local,0.99500,35.55653,100,-6.07579,1.05895,0.90777,-5.48311,-1.45941,0.53588,0.41014,-6.07579,1.05895,0.90777,-5.48311,-1.45941,0.53588,0.41014
local,0.99500,35.56011,100,-6.04453,1.03965,0.90427,-5.48576,-1.44464,0.53608,0.41396,-6.04453,1.03965,0.90427,-5.48576,-1.44464,0.53608,0.41396
local,0.99500,35.56386,100,-6.09790,1.08200,0.88188,-5.44172,-1.52918,0.56866,0.43862,-6.10931,1.10014,0.76239,-5.41383,-1.50828,0.55024,0.39483
local,0.99500,35.56512,100,-6.04799,1.01197,0.92464,-5.48885,-1.46420,0.55154,0.39813,-6.04799,1.01197,0.92464,-5.48885,-1.46420,0.55154,0.39813
local,0.99500,35.56676,100,-6.06196,1.05368,0.90555,-5.47806,-1.44971,0.53556,0.40525,-6.06196,1.05368,0.90555,-5.47806,-1.44971,0.53556,0.40525
local,0.81329,35.56824,100,-6.01068,1.00236,0.87685,-5.42908,-1.52212,0.57076,0.41023,-6.17493,1.32340,0.71620,-5.38255,-1.70851,0.37128,0.44113
local,0.99500,35.57000,100,-6.08889,1.10935,0.74938,-5.40397,-1.52234,0.55150,0.39548,-6.08889,1.10935,0.74938,-5.40397,-1.52234,0.55150,0.39548
local,0.99500,35.57246,100,-6.06919,1.04498,0.90541,-5.49765,-1.45451,0.53916,0.41603,-6.06919,1.04498,0.90541,-5.49765,-1.45451,0.53916,0.41603
local,0.99500,35.57265,100,-6.06239,1.04899,0.90813,-5.47982,-1.47250,0.54193,0.40162,-6.06239,1.04899,0.90813,-5.47982,-1.47250,0.54193,0.40162
local,0.99500,35.57466,100,-6.05763,1.04718,0.91643,-5.49121,-1.44577,0.53557,0.41364,-6.05763,1.04718,0.91643,-5.49121,-1.44577,0.53557,0.41364
local,0.99500,35.58106,100,-6.04483,1.04064,0.92807,-5.48552,-1.48060,0.55151,0.39906,-6.04483,1.04064,0.92807,-5.48552,-1.48060,0.55151,0.39906
local,0.91058,35.58544,100,-6.05687,1.04521,0.92112,-5.63761,-1.60181,0.59722,0.40848,-5.94882,1.42449,0.75655,-5.84589,-1.46980,0.51458,0.49173
local,0.98399,35.58977,100,-5.98251,0.95940,0.93992,-5.51721,-1.39844,0.53565,0.41190,-5.91774,1.03051,0.92183,-5.48433,-1.48910,0.53742,0.43798
local,0.99500,35.59221,100,-6.07229,1.05629,0.90696,-5.50055,-1.45987,0.53634,0.40813,-6.07229,1.05629,0.90696,-5.50055,-1.45987,0.53634,0.40813
local,0.99500,35.59429,100,-6.06227,1.01226,0.94342,-5.47783,-1.47649,0.55372,0.39858,-6.06227,1.01226,0.94342,-5.47783,-1.47649,0.55372,0.39858
local,0.99500,35.59635,100,-6.04760,1.05697,0.89140,-5.47436,-1.45352,0.53626,0.40612,-6.04760,1.05697,0.89140,-5.47436,-1.45352,0.53626,0.40612
local,0.99500,35.59761,100,-6.05533,1.00621,0.92222,-5.46882,-1.46740,0.54788,0.40037,-6.05533,1.00621,0.92222,-5.46882,-1.46740,0.54788,0.40037
local,0.87394,35.60280,100,-5.91530,1.07701,1.01234,-5.70509,-1.74370,0.66293,0.43534,-6.04056,1.08876,1.48073,-5.37096,-1.77883,0.46575,0.43801
local,0.99500,35.61492,100,-6.06679,1.05433,0.90524,-5.48865,-1.45929,0.53820,0.40593,-6.06679,1.05433,0.90524,-5.48865,-1.45929,0.53820,0.40593
local,0.99500,35.62863,100,-6.04376,1.02232,0.92230,-5.48784,-1.47118,0.55489,0.39620,-6.04376,1.02232,0.92230,-5.48784,-1.47118,0.55489,0.39620
local,0.90360,35.63500,100,-6.05399,0.94798,0.84770,-5.54763,-1.42204,0.54749,0.41129,-6.20003,1.35159,0.99127,-5.52956,-1.66783,0.58672,0.53126
local,0.99475,35.63750,100,-6.04879,1.26893,0.78900,-5.66580,-1.35588,0.53612,0.41230,-5.92432,1.09410,0.86595,-5.46023,-1.49315,0.55504,0.44505
local,0.99500,35.63775,100,-6.05365,1.05467,0.90368,-5.49949,-1.45523,0.53582,0.41519,-6.05365,1.05467,0.90368,-5.49949,-1.45523,0.53582,0.41519
local,0.96717,35.68088,100,-5.95386,1.01499,1.04095,-5.64007,-1.47025,0.55889,0.42214,-5.95877,1.04885,0.89442,-5.58282,-1.48029,0.50995,0.46543
local,0.99500,35.69159,100,-6.03518,1.03124,0.92851,-5.48494,-1.46947,0.55038,0.39753,-6.03518,1.03124,0.92851,-5.48494,-1.46947,0.55038,0.39753
local,0.89646,35.70027,100,-6.09842,1.11630,1.02530,-5.75714,-1.49376,0.59240,0.40893,-6.23945,0.86860,1.30056,-5.47569,-1.60136,0.49843,0.45537
local,0.78254,35.70458,100,-6.18697,0.96402,1.03512,-5.40863,-1.62551,0.60359,0.48692,-5.50364,1.73024,1.05122,-6.42522,-1.45316,0.52846,0.44801
local,0.94327,35.71697,100,-6.08755,1.22788,0.74228,-5.55879,-1.41003,0.52863,0.40350,-5.94439,0.91634,0.94739,-5.46636,-1.47188,0.54092,0.45913
local,0.80343,35.74404,100,-6.18613,1.02183,0.86824,-5.39331,-1.42636,0.53808,0.41387,-5.83799,1.57169,0.90664,-5.95032,-1.67736,0.36835,0.41026
local,0.84952,35.74520,100,-6.28444,0.92580,0.99514,-5.78735,-1.68424,0.65585,0.50966,-5.64960,1.19340,1.13268,-5.39613,-1.78729,0.60906,0.48389
local,0.94941,35.75677,100,-6.09529,1.03693,1.02750,-5.56700,-1.41398,0.54403,0.47328,-5.78342,0.99988,0.87615,-5.66631,-1.47284,0.51195,0.42548
local,0.97287,35.75684,100,-6.31978,0.98631,1.03766,-5.63642,-1.42323,0.55387,0.50827,-5.86594,1.18078,0.86255,-5.48107,-1.51035,0.53491,0.45762
local,0.96136,35.77122,100,-6.19252,0.91713,1.08792,-5.63244,-1.48965,0.56851,0.51411,-5.98583,0.99305,0.81467,-5.39254,-1.48967,0.50128,0.43067
local,0.50000,35.77705,100,-5.96368,1.09444,1.12364,-5.46991,-1.77741,0.63504,0.42548,-7.80636,0.96465,1.72985,-6.62209,-1.01146,0.33812,0.41434
local,0.85789,35.80043,100,-6.27689,0.87649,1.00152,-5.56197,-1.43302,0.54307,0.50353,-6.12380,0.88161,1.65454,-5.39134,-1.73991,0.48909,0.40564
local,0.98942,35.82624,100,-6.11658,0.90897,0.99140,-5.59221,-1.44409,0.54741,0.45352,-5.92980,1.09016,0.86777,-5.48488,-1.49644,0.55014,0.44996
local,0.79319,35.88420,100,-6.33743,0.85350,1.15129,-5.96711,-1.51777,0.62156,0.51744,-5.72923,0.61098,1.57279,-6.40040,-1.58415,0.63586,0.42006
local,0.92407,35.93320,100,-5.77010,0.88797,1.02747,-5.85301,-1.31236,0.54286,0.45606,-5.79629,1.01912,1.04021,-5.73317,-1.41915,0.47533,0.39913
local,0.88914,35.98256,100,-5.83200,0.96379,0.94373,-5.55305,-1.30906,0.51833,0.44540,-6.21577,1.42314,1.13211,-5.69731,-1.57995,0.50349,0.51612
local,0.93700,36.05176,100,-5.80691,1.12188,0.89992,-5.87522,-1.39067,0.57187,0.42015,-5.97250,1.18952,1.02591,-5.64215,-1.52057,0.55493,0.47689
local,0.88164,36.10965,100,-5.91535,1.34702,0.84583,-6.20037,-1.35171,0.57865,0.60456,-5.62677,1.08294,1.17352,-5.98596,-1.50736,0.61014,0.40497
local,0.84090,36.13772,100,-5.90139,1.01925,0.99707,-5.90488,-1.29017,0.53508,0.54251,-5.90082,1.06321,1.61890,-5.64211,-1.47707,0.49767,0.41810
local,0.91740,36.23090,100,-5.92913,0.92644,1.03254,-5.96563,-1.06584,0.48340,0.48309,-5.83092,1.35958,0.79438,-5.75787,-1.37346,0.47878,0.50958
local,0.83200,36.24368,100,-6.12719,0.86886,1.19402,-5.95907,-0.98225,0.45878,0.47412,-5.57886,1.54914,0.98039,-5.94695,-1.32504,0.43774,0.39376
local,0.61797,36.25287,100,-5.97056,1.24780,1.10377,-6.99944,-1.01231,0.55675,0.60693,-6.57452,0.99798,2.47568,-7.91359,-1.10441,0.58840,0.26444
local,0.93060,36.29487,100,-5.80135,1.10647,0.77120,-5.61299,-1.17457,0.47910,0.42381,-5.95853,1.21779,1.05916,-5.73601,-1.42825,0.45812,0.46448
local,0.77144,36.37424,100,-5.73857,1.06772,0.95913,-5.80077,-1.06094,0.46437,0.42038,-5.46280,1.17083,0.81861,-5.45632,-1.03829,0.29586,0.42437
local,0.56811,36.47887,100,-6.03813,1.32562,0.96859,-7.05923,-1.19369,0.61724,0.65285,-7.20782,0.63584,2.80024,-7.69516,-1.20135,0.65394,0.58785
local,0.70711,36.64845,100,-6.01078,1.15079,1.04073,-7.80581,-0.38544,0.44793,0.58117,-6.62333,0.75062,2.21425,-8.00674,-0.33393,0.41842,0.33729
local,0.74767,36.71259,100,-6.19373,0.88169,1.31652,-7.30394,-0.75040,0.52051,0.62830,-6.42095,1.52664,2.46942,-8.04853,-0.87530,0.41751,0.37301
local,0.82280,36.72953,100,-6.04236,1.48874,0.84287,-5.82173,-1.29856,0.54243,0.48944,-5.40421,1.17972,1.17423,-5.79301,-1.57391,0.46293,0.44768
local,0.67560,36.76440,100,-5.65935,1.16447,0.90162,-7.24168,-1.30537,0.65006,0.58826,-6.03905,1.43262,1.60363,-7.95471,-1.09902,0.29025,0.37452
local,0.69189,36.78765,100,-6.08302,1.48476,1.15117,-8.41253,-0.43798,0.52215,0.65066,-6.67819,1.07883,1.96856,-8.47317,-0.48453,0.53259,0.62662
local,0.75984,36.84140,100,-6.08708,1.14562,0.96680,-8.14331,-0.33094,0.46775,0.65562,-6.68927,1.54792,2.65209,-8.59418,-0.42784,0.32465,0.40623
local,0.59460,36.84996,100,-6.14040,1.40907,1.19943,-8.70772,-0.85621,0.66025,0.68777,-6.74883,0.82726,2.29358,-8.72209,-1.14408,0.59733,0.44485
local,0.45180,36.86242,100,-5.94284,1.30100,0.99330,-8.68508,0.45637,0.27927,0.60423,-6.93710,1.62960,2.44959,-9.05997,0.44626,0.27912,0.66100
local,0.63894,36.91956,100,-5.90167,1.42488,0.96303,-7.02158,-0.28755,0.33102,0.61888,-6.75386,1.95697,2.09489,-7.72820,-0.46788,0.38427,0.48460
local,0.65804,36.99045,100,-6.15134,0.93736,1.17493,-8.44739,-0.22079,0.45888,0.62723,-6.72955,1.21239,1.99495,-8.85708,-0.32973,0.34249,0.53459
local,0.72140,37.10437,100,-5.90497,1.23677,1.09745,-8.42676,-1.25493,0.74831,0.59755,-6.82783,1.44902,1.96508,-9.00708,-1.22664,0.74469,0.33403
local,0.53728,37.24595,100,-6.32124,1.10608,0.96695,-7.35303,0.08891,0.28202,0.63923,-7.16712,0.91998,1.56489,-7.65716,-0.02076,0.15229,0.46166
local,0.73489,37.31653,100,-6.02298,0.81065,1.26769,-8.17258,-1.20019,0.71106,0.54043,-6.35252,1.25955,1.95285,-8.33191,-1.22599,0.71776,0.24203
local,0.37992,37.92144,100,-5.96276,0.71615,1.51762,-8.78097,-1.17080,0.73611,0.64347,-6.99580,1.17074,2.61467,-8.81969,-1.05319,0.72497,0.33842
