stage,theta,f,nfev,a_m,a_f,g_N,k,k_t,start_a_m,start_a_f,start_g_N,start_k,start_k_t
polish,1.00000,38.70293,200,-5.70395,0.11231,1.00295,-5.11950,-0.69026,-5.69990,0.11178,1.00693,-5.11906,-0.69493
local,0.72140,38.76208,100,-5.69990,0.11178,1.00693,-5.11906,-0.69493,-6.12677,-0.13163,1.39145,-5.61505,-0.54749
local,0.61797,38.76423,100,-5.70360,0.11023,1.04161,-4.98016,-1.08459,-6.16313,-0.19792,1.36098,-5.00993,-1.23040
local,0.99500,38.78679,100,-5.70630,0.09875,1.02518,-5.12058,-0.69788,-5.70630,0.09875,1.02518,-5.12058,-0.69788
local,0.98399,38.80260,100,-5.88629,0.10217,1.03243,-5.07368,-0.67774,-5.72800,0.13255,1.02017,-5.13415,-0.68503
local,0.99475,38.80483,100,-5.71174,0.11179,1.04855,-5.10336,-0.71406,-5.70937,0.10236,1.01660,-5.13544,-0.68447
local,0.95544,38.80778,100,-5.70831,0.10147,1.03486,-5.02704,-0.96227,-5.75815,0.15408,1.01119,-5.28155,-0.60276
local,0.99500,38.81075,100,-5.70794,0.10701,1.01778,-5.10222,-0.70551,-5.70077,0.11591,1.00279,-5.12876,-0.69883
local,0.69189,38.82122,100,-5.70656,0.08219,0.99320,-4.98101,-1.06123,-6.37483,-0.01630,0.64159,-4.84047,-1.13498
local,0.91058,38.82757,100,-5.82644,0.09823,0.97907,-5.10883,-0.68126,-5.85557,-0.00089,1.26314,-5.18778,-0.59841
local,0.63894,38.82780,100,-5.88456,0.08961,1.00579,-4.81040,-1.20877,-6.11628,0.10475,-0.12857,-4.88428,-0.72581
local,0.99500,38.82908,100,-5.70032,0.07980,1.03939,-5.12628,-0.63950,-5.68653,0.11901,1.00253,-5.13469,-0.69293
local,0.96717,38.83302,100,-5.70133,0.09874,1.01826,-5.16465,-0.64779,-5.66175,0.18299,0.96247,-5.13148,-0.68115
local,0.70711,38.84016,100,-5.38023,0.10110,1.04900,-4.99884,-1.11247,-5.59730,-0.45398,1.19081,-5.02822,-0.95440
local,0.90360,38.84090,100,-5.88169,0.11185,0.96897,-5.10507,-0.63483,-5.62438,0.18144,1.17039,-5.48716,-0.65147
local,0.93060,38.84166,100,-5.87123,0.10240,1.01225,-5.12820,-0.63424,-5.75614,0.08415,1.04043,-5.29499,-0.66298
local,0.93700,38.85597,100,-5.88917,0.11602,1.03677,-5.06019,-0.71314,-5.72777,-0.01188,1.25735,-5.41433,-0.55511
local,0.88164,38.85772,100,-5.84465,0.10808,0.94805,-5.10582,-0.64542,-5.74596,0.02307,1.18176,-5.52358,-0.72437
local,0.77144,38.86145,100,-5.48862,0.09984,0.94996,-4.96908,-1.16079,-6.41357,-0.09233,1.48915,-5.01309,-0.88432
local,0.65804,38.86238,100,-5.72272,0.10786,0.98144,-4.82032,-1.22074,-6.43854,0.16790,0.72991,-5.14851,-1.14539
local,0.98942,38.86296,100,-5.83392,0.11567,0.96593,-5.12224,-0.62539,-5.71715,0.13020,0.99791,-5.12011,-0.70530
local,0.37992,38.86685,100,-5.53658,0.11216,1.03481,-5.00411,-1.16986,-6.23555,0.42734,0.11828,-4.80555,-0.83224
local,0.89646,38.86712,100,-5.80600,0.09905,0.94351,-5.11150,-0.62555,-5.60424,0.27722,0.95575,-5.48253,-0.76866
local,0.86603,38.87667,100,-5.70616,0.10956,1.00707,-5.09316,-0.68813,-6.04877,-0.12413,1.36550,-5.08217,-0.65720
local,0.84090,38.87713,100,-5.73524,0.08526,1.06148,-5.13439,-0.66845,-5.49163,0.01594,1.31877,-5.59159,-0.87427
local,0.87394,38.87918,100,-5.68589,0.11368,1.05192,-5.11737,-0.67902,-5.54295,0.32166,0.99694,-5.10098,-0.69556
local,0.84952,38.88139,100,-5.70842,0.10399,0.97984,-5.08726,-0.69901,-5.54055,-0.05706,1.36050,-5.62173,-0.49241
local,0.67560,38.88625,100,-5.43865,0.09169,1.06163,-5.01963,-1.07882,-5.92220,0.22626,0.81287,-5.95386,-1.04345
local,0.94941,38.88793,100,-5.70834,0.11423,1.08154,-5.15596,-0.62945,-5.59114,0.12824,1.06766,-5.23512,-0.67434
local,0.97848,38.90042,100,-5.70183,0.08399,1.06525,-5.13987,-0.64318,-5.70097,0.09229,1.08728,-5.14326,-0.70609
local,0.59460,38.90610,100,-5.66947,0.11701,1.01922,-4.96808,-1.16439,-6.40653,-0.14118,1.35942,-4.73096,-1.10814
local,0.82280,38.90804,100,-5.48906,0.10346,0.97996,-5.12982,-0.65845,-5.65775,0.03574,1.47585,-5.44084,-0.70254
local,0.83200,38.91643,100,-5.83161,0.11433,1.00335,-5.03461,-0.72523,-5.32614,0.21312,1.11551,-5.72819,-0.67772
local,0.74767,38.91701,100,-5.70494,0.09829,1.09817,-5.05235,-0.99735,-5.57525,0.38950,1.20905,-5.63079,-1.22658
local,0.96136,38.91983,100,-5.84907,0.12514,1.02653,-5.11093,-0.66286,-5.74562,0.07341,1.10241,-5.30607,-0.62691
local,0.73489,38.93015,100,-5.71364,0.09759,1.06426,-5.07242,-0.91797,-5.82611,0.43848,1.14345,-4.82630,-1.21211
local,0.97287,38.93370,100,-5.85783,0.10421,1.00849,-5.15440,-0.64854,-5.65855,0.16821,0.99210,-5.18540,-0.68563
local,0.81329,38.94919,100,-5.84529,0.10596,0.95214,-5.10780,-0.58700,-5.36908,0.11855,0.81770,-5.44480,-0.44960
local,0.78254,38.95388,100,-5.89225,0.11545,0.98782,-5.10738,-0.54715,-5.27067,0.30074,0.88347,-5.86319,-0.79397
local,0.91740,38.96362,100,-5.70970,0.10145,0.98918,-4.97439,-0.85481,-5.86746,-0.02654,1.27387,-5.23651,-0.59252
local,0.94327,38.96904,100,-5.71111,0.14881,1.02527,-5.14467,-0.65045,-5.53226,0.14167,0.98799,-5.24033,-0.75835
local,0.85789,38.97444,100,-5.71066,0.11697,0.96457,-5.04078,-0.68822,-5.62259,-0.09095,1.30585,-5.77580,-0.45727
local,0.75984,38.97707,100,-5.45211,0.10343,0.94992,-5.12583,-0.83262,-6.09113,-0.44098,1.22013,-4.89885,-1.08474
local,0.79319,38.99142,100,-5.70013,0.10039,1.02916,-5.17433,-0.81508,-5.55628,0.08661,1.45162,-5.42972,-1.04161
local,0.92407,39.00186,100,-5.53154,0.10075,1.04106,-5.20054,-0.63104,-5.51117,0.09311,1.04599,-5.21354,-0.62256
local,0.53728,39.00295,100,-5.67428,0.11578,0.99160,-5.13811,-0.67404,-5.44228,0.49822,0.69136,-6.87082,-0.02472
local,0.50000,39.00697,100,-5.67167,0.10552,1.02005,-5.10643,-0.57040,-6.38944,0.29056,1.19613,-5.14284,-0.41070
local,0.80343,39.03499,100,-5.72743,0.09712,1.01533,-5.14127,-0.54540,-5.40934,0.02170,0.98451,-5.89480,-0.67042
local,0.88914,39.04419,100,-5.70194,0.11322,1.00154,-5.16937,-0.51887,-5.67490,0.15548,1.22349,-5.09473,-0.76195
local,0.45180,39.04825,100,-5.55064,0.11833,1.02919,-5.13408,-0.80854,-5.41377,0.35893,0.49395,-5.77667,-0.25668
local,0.56811,39.07944,100,-5.70624,0.06107,1.16814,-5.11788,-0.63375,-6.13039,0.45198,0.74883,-6.80041,0.14816
