stage,theta,f,nfev,a_m,a_f,g_N,k,k_t,k_t2,zbar_m,zbar_f,start_a_m,start_a_f,start_g_N,start_k,start_k_t,start_k_t2,start_zbar_m,start_zbar_f
polish,1.00000,36.46993,200,-6.19046,-0.22141,1.27912,-5.02839,0.63518,-0.92133,-0.32434,1.86587,-6.19002,-0.22239,1.27541,-5.03344,0.62215,-0.95777,-0.32635,1.88182
local,0.99500,36.49872,100,-6.19002,-0.22239,1.27541,-5.03344,0.62215,-0.95777,-0.32635,1.88182,-6.19002,-0.22239,1.27541,-5.03344,0.62215,-0.95777,-0.32635,1.88182
local,0.99500,36.51194,100,-6.16412,-0.20952,1.27199,-5.03376,0.61394,-0.95354,-0.31898,1.88618,-6.16412,-0.20952,1.27199,-5.03376,0.61394,-0.95354,-0.31898,1.88618
local,0.99500,36.53237,100,-6.18910,-0.22005,1.28208,-5.01478,0.62631,-0.96080,-0.32591,1.88662,-6.24602,-0.18825,1.32408,-5.00116,0.59581,-0.95545,-0.32043,1.76311
local,0.99500,36.53246,100,-6.19678,-0.20914,1.28714,-5.07325,0.63861,-0.94462,-0.30428,1.92029,-6.18567,-0.23870,1.28083,-5.05117,0.61859,-0.95502,-0.32222,1.87305
local,0.99500,36.55488,100,-6.19357,-0.20713,1.28842,-5.02855,0.61692,-0.95429,-0.31826,1.86438,-6.19357,-0.20713,1.28842,-5.02855,0.61692,-0.95429,-0.31826,1.86438
local,0.99500,36.56570,100,-6.20053,-0.21410,1.27680,-5.03662,0.62189,-0.95353,-0.32135,1.87368,-6.20053,-0.21410,1.27680,-5.03662,0.62189,-0.95353,-0.32135,1.87368
local,0.99500,36.56698,100,-6.17477,-0.21365,1.26824,-5.03800,0.61363,-0.95225,-0.32006,1.88011,-6.17477,-0.21365,1.26824,-5.03800,0.61363,-0.95225,-0.32006,1.88011
local,0.99500,36.57099,100,-6.18674,-0.22679,1.29034,-5.02956,0.61876,-0.95746,-0.31594,1.86346,-6.18674,-0.22679,1.29034,-5.02956,0.61876,-0.95746,-0.31594,1.86346
local,0.99500,36.57525,100,-6.19455,-0.20576,1.27129,-5.03579,0.62254,-0.95389,-0.32608,1.87516,-6.19455,-0.20576,1.27129,-5.03579,0.62254,-0.95389,-0.32608,1.87516
local,0.99500,36.57752,100,-6.18806,-0.21518,1.26137,-5.04252,0.61541,-0.95683,-0.31666,1.88146,-6.18806,-0.21518,1.26137,-5.04252,0.61541,-0.95683,-0.31666,1.88146
local,0.99500,36.57960,100,-6.18006,-0.21232,1.28537,-5.03934,0.62540,-0.95476,-0.32024,1.88015,-6.18006,-0.21232,1.28537,-5.03934,0.62540,-0.95476,-0.32024,1.88015
local,0.99500,36.58623,100,-6.18430,-0.20764,1.29152,-5.01370,0.62631,-0.96033,-0.31688,1.88266,-6.18430,-0.20764,1.29152,-5.01370,0.62631,-0.96033,-0.31688,1.88266
local,0.99500,36.59939,100,-6.18081,-0.23372,1.29581,-5.03677,0.62093,-0.95264,-0.32494,1.88365,-6.18081,-0.23372,1.29581,-5.03677,0.62093,-0.95264,-0.32494,1.88365
local,0.99500,36.60352,100,-6.17233,-0.21073,1.27904,-5.04229,0.61361,-0.95066,-0.32174,1.87466,-6.17233,-0.21073,1.27904,-5.04229,0.61361,-0.95066,-0.32174,1.87466
local,0.99500,36.60757,100,-6.19529,-0.20611,1.27521,-5.03695,0.61779,-0.96068,-0.31715,1.88487,-6.19529,-0.20611,1.27521,-5.03695,0.61779,-0.96068,-0.31715,1.88487
local,0.99500,36.61124,100,-6.20348,-0.22847,1.27691,-5.05560,0.62573,-0.95441,-0.32463,1.87664,-6.20348,-0.22847,1.27691,-5.05560,0.62573,-0.95441,-0.32463,1.87664
local,0.99500,36.61746,100,-6.21781,-0.17873,1.30696,-5.00155,0.59292,-0.95894,-0.32550,1.76958,-6.21781,-0.17873,1.30696,-5.00155,0.59292,-0.95894,-0.32550,1.76958
local,0.99500,36.62129,100,-6.18295,-0.20534,1.29237,-5.03609,0.62357,-0.95536,-0.31613,1.88138,-6.18295,-0.20534,1.29237,-5.03609,0.62357,-0.95536,-0.31613,1.88138
local,0.99500,36.62661,100,-6.17468,-0.22677,1.27427,-5.04685,0.63141,-0.95071,-0.32188,1.88342,-6.17244,-0.23137,1.26432,-5.04184,0.62123,-0.95301,-0.32035,1.87985
local,0.99500,36.62986,100,-6.18436,-0.22771,1.27838,-5.01995,0.62037,-0.95406,-0.32619,1.88557,-6.18436,-0.22771,1.27838,-5.01995,0.62037,-0.95406,-0.32619,1.88557
local,0.99500,36.64567,100,-6.17251,-0.21551,1.28403,-5.04370,0.62297,-0.95749,-0.32314,1.86260,-6.17251,-0.21551,1.28403,-5.04370,0.62297,-0.95749,-0.32314,1.86260
local,0.99500,36.64594,100,-6.24201,-0.18181,1.31546,-4.98984,0.60189,-0.96312,-0.32894,1.77086,-6.15596,-0.20565,1.32278,-4.98607,0.51424,-0.93987,-0.31559,1.54764
local,0.99500,36.64884,100,-6.13735,-0.04271,1.25829,-5.05354,0.62414,-0.98101,-0.30454,1.88653,-6.24376,-0.17817,1.30685,-5.01446,0.59248,-0.95358,-0.32784,1.77064
local,0.99500,36.64917,100,-6.19801,-0.22341,1.26680,-5.04901,0.61716,-0.95120,-0.31911,1.87675,-6.19801,-0.22341,1.26680,-5.04901,0.61716,-0.95120,-0.31911,1.87675
local,0.99500,36.64959,100,-6.23073,-0.17876,1.32810,-5.01327,0.60726,-0.95817,-0.31883,1.77084,-6.23073,-0.17876,1.32810,-5.01327,0.60726,-0.95817,-0.31883,1.77084
local,0.99500,36.64982,100,-6.19988,-0.23457,1.28140,-5.05802,0.61828,-0.95631,-0.31801,1.87978,-6.19988,-0.23457,1.28140,-5.05802,0.61828,-0.95631,-0.31801,1.87978
local,0.99500,36.65106,100,-6.23174,-0.17472,1.31059,-5.01213,0.59142,-0.95840,-0.31765,1.78327,-6.23513,-0.19337,1.31524,-5.01108,0.59166,-0.96002,-0.31779,1.77126
local,0.99500,36.65270,100,-6.18151,-0.22217,1.28683,-5.03865,0.61953,-0.95546,-0.31875,1.87711,-6.18151,-0.22217,1.28683,-5.03865,0.61953,-0.95546,-0.31875,1.87711
local,0.99500,36.65289,100,-6.17116,-0.23029,1.26982,-5.05069,0.62864,-0.95782,-0.31484,1.87435,-6.17116,-0.23029,1.26982,-5.05069,0.62864,-0.95782,-0.31484,1.87435
local,0.99500,36.66001,100,-6.17068,-0.21596,1.28051,-5.01039,0.61636,-0.95728,-0.32423,1.88397,-6.17068,-0.21596,1.28051,-5.01039,0.61636,-0.95728,-0.32423,1.88397
local,0.94941,36.66729,100,-6.18671,-0.21718,1.30791,-4.99611,0.51919,-0.94563,-0.30960,1.56524,-6.19346,-0.42269,1.43209,-4.97537,0.53052,-0.95486,-0.30484,1.26570
local,0.99500,36.67626,100,-6.16095,-0.05937,1.26485,-5.05435,0.60531,-0.93228,-0.31465,1.91833,-6.18375,-0.19846,1.27250,-5.04155,0.61104,-0.95278,-0.32123,1.88026
local,0.99500,36.68259,100,-6.17825,-0.23755,1.28046,-5.04775,0.61267,-0.95261,-0.31588,1.87981,-6.17825,-0.23755,1.28046,-5.04775,0.61267,-0.95261,-0.31588,1.87981
local,0.99500,36.68279,100,-6.23873,-0.18893,1.31077,-5.01351,0.59891,-0.96184,-0.32376,1.76435,-6.23873,-0.18893,1.31077,-5.01351,0.59891,-0.96184,-0.32376,1.76435
local,0.99500,36.68884,100,-6.14881,-0.09585,1.24611,-4.99293,0.55262,-1.00000,-0.30834,1.80076,-6.19192,-0.23012,1.31094,-4.99369,0.52039,-0.94328,-0.29835,1.56383
local,0.99500,36.69202,100,-6.17487,-0.23670,1.28175,-5.05740,0.62180,-0.95689,-0.32161,1.88044,-6.17487,-0.23670,1.28175,-5.05740,0.62180,-0.95689,-0.32161,1.88044
local,0.97287,36.69382,100,-6.19985,-0.08121,1.30453,-5.03746,0.48042,-0.87193,-0.30713,1.69925,-6.22227,-0.22487,1.27797,-5.04796,0.45129,-0.90157,-0.29509,1.57037
local,0.95544,36.69646,100,-6.19626,-0.09041,1.30834,-5.05604,0.78915,-0.98871,-0.32163,1.14563,-6.29053,-0.43746,1.48009,-5.03340,0.59729,-0.98813,-0.31117,1.19171
local,0.99500,36.71206,100,-6.25033,-0.19527,1.32675,-5.00112,0.59018,-0.96011,-0.32508,1.76401,-6.25033,-0.19527,1.32675,-5.00112,0.59018,-0.96011,-0.32508,1.76401
local,0.99500,36.71286,100,-6.15651,-0.12651,1.25785,-5.03217,0.57365,-0.91643,-0.32260,1.91294,-6.17982,-0.20048,1.27235,-5.05747,0.61512,-0.95520,-0.31490,1.87639
local,0.99500,36.72080,100,-6.15066,-0.12814,1.31967,-5.05018,0.68016,-0.96484,-0.32231,1.91739,-6.19712,-0.24122,1.26116,-5.02777,0.62028,-0.95643,-0.31626,1.88082
local,0.99500,36.72953,100,-6.24708,-0.17301,1.32260,-5.00918,0.59659,-0.96236,-0.32707,1.76420,-6.24708,-0.17301,1.32260,-5.00918,0.59659,-0.96236,-0.32707,1.76420
local,0.99500,36.73733,100,-6.22308,-0.16292,1.31628,-4.99605,0.59453,-0.95945,-0.32531,1.75359,-6.22308,-0.16292,1.31628,-4.99605,0.59453,-0.95945,-0.32531,1.75359
local,0.99475,36.74557,100,-6.18296,-0.06979,1.12154,-5.01048,0.57281,-0.93221,-0.30105,1.75678,-6.17401,-0.19932,1.31030,-5.01447,0.50763,-0.94228,-0.30502,1.56331
local,0.98942,36.74935,100,-6.19302,-0.15860,1.28702,-5.03202,0.52929,-0.93830,-0.30737,1.86302,-6.20514,-0.21678,1.30359,-5.03710,0.51571,-0.94054,-0.29168,1.56062
local,0.97848,36.75037,100,-6.18770,-0.10540,1.31568,-5.04750,0.59674,-1.00000,-0.33473,1.79698,-6.12544,-0.27047,1.31359,-5.06147,0.47977,-0.91788,-0.29558,1.52890
local,0.99500,36.75626,100,-6.16794,-0.19790,1.26504,-5.05613,0.61176,-0.95326,-0.32182,1.86286,-6.16794,-0.19790,1.26504,-5.05613,0.61176,-0.95326,-0.32182,1.86286
local,0.84952,36.75750,100,-6.29051,-0.28863,1.41295,-4.99337,0.58078,-1.00000,-0.33292,1.24408,-6.52966,-0.54491,1.66580,-5.15650,0.39267,-0.89790,-0.17414,0.94624
local,0.99500,36.75892,100,-6.24707,-0.19175,1.32554,-5.02637,0.65736,-0.97524,-0.33097,1.88612,-6.25180,-0.18218,1.29920,-4.99528,0.60723,-0.96081,-0.32596,1.76322
local,0.98399,36.76088,100,-6.12269,-0.21974,1.21529,-5.03286,0.57751,-0.97917,-0.31775,1.83636,-6.18406,-0.27343,1.34497,-5.05117,0.51536,-0.92615,-0.28883,1.57020
local,0.93060,36.80233,100,-6.09824,-0.05603,1.19218,-5.11201,0.57099,-1.00000,-0.30528,1.61125,-6.45031,-0.35346,1.62131,-5.18333,0.59631,-0.98258,-0.23107,1.28110
local,0.75984,36.81652,100,-6.31653,-0.07103,1.39718,-4.98583,0.49611,-0.90109,-0.34079,1.13379,-5.86359,0.37196,1.02378,-5.00805,0.32834,-0.93789,-0.21662,0.95756
local,0.91740,36.83862,100,-6.17589,0.11336,1.11934,-5.12123,0.73172,-0.96145,-0.31067,1.55210,-6.20701,-0.40340,1.27261,-5.19686,0.66530,-0.93875,-0.17514,1.25730
local,0.99500,36.85224,100,-6.12306,-0.15717,1.26534,-5.02782,0.52989,-0.91285,-0.32243,1.66094,-6.18382,-0.23460,1.32517,-5.00288,0.50884,-0.94400,-0.29980,1.56366
local,0.89646,36.88021,100,-6.06653,0.04146,1.18064,-5.07884,0.65202,-0.92161,-0.31795,1.61884,-5.93145,-0.37988,1.37590,-5.40758,0.45791,-0.90477,-0.22950,1.29746
local,0.96136,36.88040,100,-6.04689,0.02117,1.09634,-5.10632,0.73152,-0.95733,-0.31393,1.68145,-6.25466,-0.09384,1.44469,-5.16987,0.51966,-0.93104,-0.22311,1.44016
local,0.96717,36.89149,100,-6.10850,-0.04453,1.28188,-5.12952,0.58807,-0.86791,-0.31573,1.58903,-6.03806,-0.20282,1.27407,-5.14721,0.48024,-0.94211,-0.25057,1.53379
local,0.92407,36.90618,100,-6.24446,-0.21139,1.35589,-4.90215,0.26919,-0.96538,-0.31691,1.50692,-6.48312,-0.49464,1.39894,-4.93154,0.41757,-0.97401,-0.32982,1.16056
local,0.94327,36.91297,100,-6.23087,-0.09047,1.24139,-4.97736,0.56205,-0.88442,-0.32709,1.30804,-6.14557,-0.24230,1.28187,-5.14243,0.55580,-0.96557,-0.22806,1.19949
local,0.93700,36.93871,100,-6.17819,-0.17861,1.31216,-5.08266,0.68199,-0.88931,-0.29146,1.58591,-6.28627,-0.11879,1.44866,-5.29224,0.52727,-0.94038,-0.19468,1.23885
local,0.79319,36.95765,100,-6.11608,-0.01587,1.29283,-4.98010,0.39903,-0.97519,-0.29906,0.58198,-6.25212,-0.13305,1.70204,-5.77760,0.08644,-0.80237,0.03395,0.36909
local,0.81329,36.98284,100,-6.11160,0.00885,1.03474,-5.00091,0.38810,-0.78381,-0.30666,1.25993,-6.42530,-0.11833,1.12298,-5.11562,0.24867,-0.85352,0.05391,1.12051
local,0.86603,37.00789,100,-6.02878,-0.06151,1.11738,-5.03102,0.35229,-0.71782,-0.28904,1.53578,-6.48684,0.09782,1.71582,-5.02981,0.32855,-0.75427,-0.18557,1.21547
local,0.88164,37.03741,100,-6.17007,-0.02015,1.29273,-5.23430,0.75264,-0.92628,-0.29996,1.26707,-6.10019,0.14061,1.54134,-5.45898,0.54047,-0.87484,-0.09153,1.06769
local,0.37992,37.05367,100,-6.18797,0.08256,1.23822,-4.88660,-0.12952,-0.95584,-0.32197,0.98207,-6.76755,0.51916,1.94423,-4.67964,-0.64438,-0.94591,-0.43983,0.82899
local,0.84090,37.05587,100,-5.87323,-0.08670,1.20366,-5.17068,0.42735,-0.76678,-0.26360,1.09565,-5.93816,-0.42022,1.36344,-5.19539,0.39696,-0.73001,-0.18565,1.03513
local,0.83200,37.06379,100,-6.14526,-0.06945,1.22228,-5.02544,0.27294,-0.71090,-0.29088,1.44025,-6.28536,0.23176,1.68470,-5.24857,0.12234,-0.71247,-0.34370,1.17179
local,0.91058,37.06843,100,-6.01598,-0.01796,1.24348,-4.98535,0.18725,-0.92763,-0.31787,1.19032,-6.46608,-0.22755,1.53891,-4.89731,0.38186,-0.98390,-0.19693,0.99446
local,0.90360,37.07114,100,-5.90546,-0.14655,1.20625,-5.06311,0.34718,-0.95556,-0.27829,1.57319,-5.98935,-0.08138,1.43261,-5.04661,0.50285,-0.95120,-0.16659,1.18526
local,0.70711,37.08870,100,-5.83302,0.02006,1.21821,-5.02723,0.17569,-0.93012,-0.27927,1.21241,-5.59017,-0.24154,0.82821,-5.08272,0.05452,-0.90359,-0.21183,1.26590
local,0.74767,37.09211,100,-6.00053,0.09486,1.15234,-5.25354,0.51322,-0.80076,-0.28433,1.21273,-5.50074,0.24893,0.86292,-6.00640,0.33722,-0.85891,-0.07798,1.09126
local,0.87394,37.09859,100,-6.01908,0.09122,1.24713,-5.08169,0.19687,-0.66086,-0.29273,1.29291,-6.40077,0.11008,1.64859,-5.12470,0.19003,-0.81577,-0.14956,1.17172
local,0.88914,37.12657,100,-6.00823,-0.07640,1.20137,-5.15237,0.36320,-0.69246,-0.32760,1.19449,-6.27942,-0.21424,1.34913,-5.27108,0.24267,-0.75273,-0.08876,1.07395
local,0.85789,37.12730,100,-5.95690,0.08134,1.02666,-5.14816,0.22426,-0.72532,-0.28664,1.33086,-5.90587,-0.33803,1.29680,-4.99428,0.27509,-0.79312,-0.09800,1.01852
local,0.82280,37.13767,100,-5.95188,-0.10471,1.34387,-5.15503,0.41817,-0.98026,-0.28631,1.43245,-5.30566,-0.36680,1.73565,-5.51583,0.47645,-0.90882,-0.61399,1.09379
local,0.72140,37.14402,100,-6.21736,-0.02263,1.36460,-4.97281,-0.25622,-0.46544,-0.33379,1.20765,-6.48862,-0.11571,2.14344,-5.19179,-0.60611,-0.59246,-0.23548,1.12975
local,0.78254,37.17976,100,-6.14927,0.08040,1.24052,-5.06545,0.08481,-0.53226,-0.30152,0.78258,-6.31533,-0.30172,1.77110,-5.90096,-0.32475,-0.66259,-0.14866,1.01920
local,0.80343,37.19134,100,-6.01811,0.13179,1.09415,-4.98083,0.36338,-0.69483,-0.30594,0.91700,-6.18554,0.19398,1.69418,-5.09058,0.12783,-0.84465,0.09674,0.51714
local,0.77144,37.27312,100,-5.90858,-0.07020,1.22396,-4.95235,-0.44453,-0.66958,-0.29813,1.00762,-5.39585,0.08957,1.34465,-5.90423,-0.55488,-0.77595,0.16296,0.81032
local,0.53728,37.32640,100,-6.20184,-0.19023,1.34138,-4.80748,-0.61565,-0.66593,-0.32039,0.66375,-6.68374,-0.53035,1.66866,-4.72867,-0.76126,-0.69506,-0.20282,0.57746
local,0.69189,37.36163,100,-5.91533,-0.19185,1.41155,-5.25097,0.50447,-0.71501,-0.29285,1.06873,-5.78740,-0.06552,2.04663,-5.49486,0.21388,-0.81249,0.07214,0.86970
local,0.67560,37.38162,100,-5.87280,-0.29307,1.33364,-4.96345,-0.31149,-0.58042,-0.29444,0.61648,-6.70644,1.73082,2.74103,-4.91712,-0.55370,-0.80228,-0.09807,0.31175
local,0.50000,37.38351,100,-5.80872,0.09595,1.24238,-4.96218,-0.61721,-0.63394,-0.28087,1.51950,-6.31027,0.02569,1.97808,-5.03071,-1.07820,-0.64655,0.50718,1.25912
local,0.63894,37.51409,100,-5.70742,-0.02630,1.25348,-4.97636,-0.48492,-0.64410,-0.25743,0.84757,-6.50929,0.74391,1.71736,-5.90727,-0.82116,-0.67491,-0.01834,0.82341
local,0.45180,37.52312,100,-6.32402,-0.03442,1.44891,-4.96955,-0.56758,-0.16339,-0.35471,1.17986,-6.58469,0.19041,1.77079,-5.48848,-0.66095,-0.25533,0.09254,1.13133
local,0.73489,37.53000,100,-5.91443,0.09682,1.36801,-5.11872,-0.12092,-0.41095,-0.27809,0.85764,-6.33499,-0.01800,2.09745,-5.95465,-0.41739,-0.52982,0.20966,0.85230
local,0.61797,37.60106,100,-5.93077,-0.13780,1.24915,-4.75271,-1.05708,-0.65065,-0.30744,0.93926,-7.09797,-0.17382,2.25798,-4.43036,-1.04708,-0.81553,-0.02826,0.86070
local,0.59460,38.30233,100,-5.77232,0.41189,0.82042,-5.08852,0.13906,-0.80033,-0.17987,1.48805,-6.16632,2.00460,2.28288,-5.55145,0.07666,-0.82489,0.18875,-0.28866
local,0.65804,38.70456,100,-5.67536,0.15384,1.00679,-5.01016,-0.36227,-0.47500,0.36084,1.34140,-5.49073,0.62999,1.74198,-5.60816,-0.57819,-0.52441,0.39313,1.07199
local,0.56811,38.80108,100,-5.87172,0.14580,0.89860,-5.04232,0.13810,-0.63340,0.67671,1.32058,-5.84534,0.03060,2.48721,-6.14356,0.24079,-0.77262,0.53950,1.12128
