stage,theta,f,nfev,a_m,a_f,g_N,k,k_t,k_t2,ten_K,start_a_m,start_a_f,start_g_N,start_k,start_k_t,start_k_t2,start_ten_K
polish,1.00000,38.82090,200,-6.00838,-0.31232,1.12636,-5.00991,-1.91180,0.57506,7.24353,-6.00323,-0.29380,1.11757,-5.01866,-1.91660,0.57601,7.19446
local,0.99500,38.90839,120,-6.00323,-0.29380,1.11757,-5.01866,-1.91660,0.57601,7.19446,-6.23825,-0.33592,1.15563,-4.98004,-1.88235,0.57529,6.60657
local,0.92407,38.96283,120,-6.23017,-0.32584,1.13653,-4.97504,-1.88451,0.57601,6.61868,-6.24315,-0.30309,1.04097,-4.94470,-1.75461,0.46294,6.62463
local,0.98942,38.98285,120,-6.16794,-0.31952,1.09832,-4.99496,-1.86503,0.55843,6.95574,-6.21037,-0.30017,1.13188,-5.01564,-1.87224,0.56797,6.56499
local,0.99475,38.98743,120,-6.19578,-0.28093,1.10579,-4.98540,-1.87495,0.56266,7.08052,-6.23988,-0.32634,1.14123,-4.99158,-1.86480,0.57116,6.60717
local,0.94941,39.02677,120,-6.19380,-0.45132,1.27532,-5.03325,-1.77068,0.53271,6.51968,-6.17323,-0.46518,1.24846,-5.06802,-1.74100,0.49779,6.78930
local,0.98399,39.06159,120,-6.15250,-0.43999,1.27278,-5.05941,-1.80365,0.54583,6.97596,-6.20527,-0.29156,1.13904,-5.01402,-1.83688,0.56494,6.54329
local,0.96717,39.07089,120,-6.23151,-0.49895,1.31446,-4.99855,-1.83645,0.53284,7.57147,-6.19991,-0.34301,1.12764,-5.12560,-1.77345,0.55156,6.54854
local,0.97848,39.09196,120,-6.21324,-0.29191,1.10066,-5.03888,-1.81004,0.55450,6.86349,-6.19185,-0.35568,1.15322,-5.05544,-1.82367,0.56658,6.52345
local,0.97287,39.11984,120,-6.14004,-0.44918,1.25841,-5.06540,-1.76816,0.53323,7.02159,-6.20470,-0.29185,1.18236,-5.06787,-1.79054,0.54598,6.48630
local,0.96136,39.14021,120,-6.10798,-0.30616,1.13292,-5.04244,-1.79343,0.54721,7.03266,-6.13520,-0.25804,1.08446,-4.99186,-1.75542,0.52095,6.59370
local,0.85789,39.14538,120,-6.30366,-0.42988,1.25529,-5.00976,-1.79017,0.52971,6.98471,-6.03851,-0.17717,1.16285,-5.55307,-1.68558,0.50491,6.53118
local,0.91058,39.17627,120,-6.14206,-0.45782,1.28418,-5.04252,-1.75385,0.49461,6.63872,-6.17189,-0.50261,1.43772,-5.45323,-1.70546,0.53948,6.88749
local,0.91740,39.17924,120,-6.22336,-0.54070,1.34744,-5.04470,-1.71430,0.51408,6.93102,-6.23849,-0.53733,1.47287,-5.07513,-1.78478,0.40503,6.65479
local,0.89646,39.22068,120,-6.19102,-0.30053,1.14385,-5.05528,-1.76393,0.51491,7.24326,-5.83308,-0.38119,1.16142,-5.26040,-1.71383,0.47395,6.01961
local,0.88164,39.24470,120,-6.20033,-0.38954,1.24172,-5.00165,-1.76275,0.49778,6.38828,-5.75189,0.00481,0.86944,-5.18221,-1.68706,0.38619,6.46652
local,0.83200,39.26915,120,-5.98085,-0.26009,1.05356,-5.05184,-1.75319,0.52062,6.51923,-6.75149,-0.53652,1.13999,-5.01922,-1.67735,0.38319,7.60679
local,0.77144,39.27444,120,-6.21932,-0.43124,1.23593,-5.03179,-1.71479,0.48734,8.92115,-6.02512,-0.58300,1.18917,-4.92179,-1.54398,0.24126,8.16630
local,0.93700,39.33435,120,-6.23159,-0.49624,1.31430,-4.97695,-1.65539,0.47736,7.42314,-6.20008,-0.40469,1.32716,-5.10443,-1.55225,0.44936,6.72580
local,0.80343,39.34422,120,-6.21343,-0.30925,1.13216,-4.99684,-1.72320,0.48509,9.08040,-6.03444,-0.08954,0.97517,-5.17810,-1.75708,0.31466,9.22974
local,0.67560,39.36980,120,-6.41130,-0.72370,1.52629,-5.14712,-1.79442,0.56858,8.52765,-6.51980,-0.82348,2.02565,-5.57056,-1.57016,0.37591,7.96274
local,0.95544,39.37430,120,-6.17020,-0.46863,1.25905,-5.02688,-1.64850,0.47629,7.54636,-6.19729,-0.36357,1.18047,-5.18352,-1.69510,0.49228,7.09304
local,0.86603,39.37438,120,-6.24978,-0.37140,1.17818,-5.00886,-1.72549,0.51027,7.22839,-6.02132,-0.56806,1.47018,-5.47397,-1.78346,0.54173,7.07447
local,0.82280,39.37656,120,-6.12463,-0.42264,1.25103,-5.02892,-1.60676,0.45331,9.70213,-6.62255,-0.25375,1.27176,-5.06864,-1.67988,0.47366,9.34987
local,0.79319,39.40338,120,-6.45036,-0.66621,1.48016,-5.15033,-1.84472,0.59141,9.12680,-6.63370,-0.58805,1.84024,-5.36816,-1.71207,0.56691,8.35770
local,0.90360,39.43315,120,-6.12530,-0.48295,1.28718,-5.01390,-1.63515,0.44697,7.22358,-6.23594,-0.33978,1.22502,-5.09753,-1.59162,0.40446,6.56551
local,0.88914,39.43359,120,-6.21279,-0.21339,1.02262,-5.04165,-1.65760,0.49407,7.47787,-6.16052,-0.18693,1.16632,-5.08700,-1.75895,0.53701,7.34225
local,0.93060,39.57556,120,-6.29033,-0.55981,1.38590,-5.08779,-1.48860,0.43825,6.79897,-6.28528,-0.54859,1.44502,-5.17821,-1.68315,0.43640,6.91638
local,0.94327,39.57979,120,-6.21385,-0.48944,1.27403,-4.98668,-1.55891,0.43254,7.68288,-6.39838,-0.52112,1.45819,-5.20946,-1.60987,0.46508,7.36617
local,0.63894,39.62234,120,-6.07302,-0.34259,1.19057,-5.09308,-1.43732,0.41741,6.77963,-5.75206,-0.63164,1.44967,-6.15925,-1.15871,0.40101,6.27581
local,0.84090,39.63477,120,-6.16239,-0.42630,1.25844,-4.98077,-1.49334,0.40391,8.51488,-6.56320,-0.50851,1.33849,-5.33170,-1.32149,0.39655,8.22361
local,0.87394,39.63824,120,-6.04471,-0.32087,1.15792,-5.05726,-1.49739,0.40291,6.94193,-5.97885,-0.11732,0.98600,-5.38505,-1.43228,0.46766,6.82671
local,0.78254,39.69949,120,-6.13301,-0.36917,1.17310,-5.14130,-1.43006,0.43119,6.27372,-6.63202,-0.88234,1.37032,-5.12781,-1.51990,0.38759,7.20677
local,0.75984,39.70520,120,-6.11366,-0.22012,1.02402,-5.09979,-1.37954,0.39504,7.43738,-6.02980,-0.08775,1.44521,-5.41847,-1.37727,0.40542,6.35383
local,0.59460,39.70736,120,-6.45126,-0.53792,1.28044,-4.93341,-1.59186,0.44594,10.76798,-6.47314,-2.03770,2.50535,-6.16608,-0.68741,0.18923,9.85211
local,0.69189,39.76081,120,-6.11961,-0.31243,1.12316,-5.05262,-1.27176,0.33266,6.45565,-6.85682,-0.00332,1.08410,-4.88708,-1.29326,0.27379,6.60595
local,0.45180,39.84815,120,-6.23027,-0.61495,1.38422,-5.05257,-1.26880,0.33210,11.67377,-6.76552,-1.59377,2.64290,-7.49137,-0.37697,0.30554,9.60776
local,0.81329,39.86439,120,-6.18391,-0.55838,1.33948,-5.21370,-1.14880,0.33118,10.46441,-5.98577,-0.57171,1.50833,-5.84805,-1.13897,0.31370,9.44956
local,0.37992,39.88992,120,-6.03585,-0.25099,1.00024,-5.14194,-1.29573,0.37487,8.92306,-6.42040,-1.83944,2.20202,-5.69558,-0.85000,0.23331,7.32907
local,0.73489,39.91196,120,-6.11984,-0.38867,1.23758,-5.13249,-1.24023,0.31694,7.75319,-5.88476,-0.11431,1.20804,-6.30170,-1.17365,0.09172,8.34600
local,0.70711,39.99444,120,-6.26926,-0.62691,1.39460,-5.18045,-1.12372,0.30620,9.35888,-5.86928,-0.53852,1.66295,-6.03241,-1.19327,0.17054,8.79355
local,0.84952,40.05891,120,-6.12112,-0.50427,1.28247,-5.16698,-1.12041,0.29411,7.14084,-6.01538,-0.46813,1.37918,-5.65060,-1.20487,0.32474,6.28574
local,0.72140,40.06413,120,-6.07954,-0.44236,1.25632,-5.17372,-1.10810,0.28961,7.80892,-6.07408,-0.35365,1.65492,-5.84206,-1.17853,0.27719,7.32813
local,0.53728,40.26193,120,-5.85037,-0.18924,1.03113,-5.11972,-0.63385,-0.06684,4.70355,-6.05901,-0.20998,1.13961,-5.50937,-0.80857,-0.14021,5.44578
local,0.50000,40.48849,120,-6.02380,-0.30619,1.13722,-4.93096,-0.84083,-0.22604,8.11286,-6.84348,-2.00053,2.07604,-4.99882,-1.04770,-0.19825,7.78874
local,0.74767,40.48916,120,-5.99100,-0.30650,1.15179,-5.16373,-0.88501,0.15273,9.11427,-5.74949,-0.39539,1.35412,-5.30029,-0.73564,0.15958,7.81177
local,0.56811,40.49697,120,-6.13131,-0.29032,1.09086,-5.08514,-0.31697,-0.23881,7.83980,-6.67883,-1.14898,1.11625,-5.46598,-0.31021,0.07191,7.86812
local,0.61797,40.56600,120,-6.17406,-0.56375,1.37041,-5.06692,-0.43661,-0.15789,10.37926,-5.82791,-0.99547,1.67925,-6.29010,-0.56358,-0.22783,10.14598
local,0.65804,40.63142,120,-6.42154,-0.73140,1.54194,-5.19479,-0.70200,0.16065,9.56971,-6.81161,-1.00750,1.72378,-5.55194,-0.63188,0.21257,8.34464
