,epuf,gkos,xsec
1951,-1.6599572951726975,-0.026096855990945127,-1.3923870324505898
1952,-1.7245405769619024,-0.03729091188169936,-1.433833258587921
1953,-1.8022426281743342,-0.04444948775836175,-1.4587126027926314
1954,-1.786407842723924,-0.056854639847593876,-1.4657585406985754
1955,-1.6478973020877572,-0.07050155550560677,-1.309958931572822
1956,-1.7736960323641948,-0.07665191229092859,-1.3161261585427269
1957,-1.8431675374094958,-0.07272800908832189,-1.227713783834378
1958,-1.8269398420063676,-0.06861303141174062,-1.207206520986243
1959,-1.77890473158243,-0.05772951950389016,-1.2345375077016978
1960,-1.7962131357144415,-0.05068168469702553,-1.2418154643583155
1961,-1.7984951832885654,-0.04586078172671173,-1.240963811777592
1962,-1.8496682770795727,-0.0355323270994104,-1.2356253946812756
1963,-1.8795082902129379,-0.027725090732935855,-1.2352842726782975
1964,-1.9370726201455701,-0.026107783315396156,-1.2297730338163273
1965,-2.0017968347947965,-0.026538582493852877,-1.2435995261416017
1966,-1.7872322952362314,-0.015795347951032136,-1.1977081884785292
1967,-1.8418519295487317,-0.004611310033806637,-1.1665364283511992
1968,-1.78840979511671,0.002635622377332102,-1.1865138946003184
1969,-1.833169827631327,0.009311139522629587,-1.1627737584337579
1970,-1.868254002716704,0.009234986072226246,-1.1916735886365197
1971,-1.9050937759025894,0.01056796821355299,-1.1816311366655783
1972,-1.851960723018585,0.01390543550314608,-1.2166958174909626
1973,-1.7665482154123446,0.022164998579041268,-1.1948971877785195
1974,-1.6970370854014167,0.03399301216879046,-1.214930084710835
1975,-1.6609215096256453,0.044222878883593844,-1.2157869653573325
1976,-1.668865009796308,0.05891132167852108,-1.20947929826631
1977,-1.6734143216851656,0.0747292894266242,-1.2107444811188637
1978,-1.7240912000172206,0.08781174194044584,-1.2160245684666127
1979,-1.6457338320969144,0.09701091565561956,-1.219444008663383
1980,-1.6093712577462758,0.1040695258497041,-1.238348499456529
1981,-1.5955808720386664,0.11233671538444799,-1.2398446814331505
1982,-1.5494004337988487,0.11736854420869883,-1.2351607144226673
1983,-1.5078478709601502,0.12377156004939102,-1.2159744749491601
1984,-1.5184213561032178,0.12907581276147634,-1.2047858132098788
1985,-1.5369818006415095,0.13212616151158219,-1.2033843346600277
1986,-1.5369543854243224,0.1325277963319889,-1.2013887979750097
1987,-1.5407804032595405,0.13214578652052744,-1.189999300324536
1988,-1.5572041015859635,0.1299732605530241,-1.1810318649092717
1989,-1.551495725034559,0.12951407689691724,-1.187400063808012
1990,-1.5384689511102114,0.1288045400219823,-1.2007909834298647
1991,-1.524737052666275,0.13058779439339652,-1.215328457092244
1992,-1.5248902696884836,0.1315956295575317,-1.2214169515121491
1993,-1.534156362218015,0.1334133334399046,-1.2667065307101935
1994,-1.5520650308913104,0.13317842232979688,-1.2741130198388575
1995,-1.5597300883362688,0.1374820007038299,-1.2370354612651664
1996,-1.5719234676330545,0.13771172727770012,-1.2383826243861422
1997,-1.586978919575911,0.13851664333835165,-1.2355009899116098
1998,-1.6057117065625894,0.13918811333520492,-1.2249108306831562
1999,-1.6094592506673884,0.1398649962586125,-1.2258102913255717
2000,-1.625574439915192,0.14112460593966247,-1.2327142468477337
2001,-1.6084269940847111,0.1431561742843657,-1.238171723104666
2002,-1.5945998971042736,0.14362725497810927,-1.2644479788773417
2003,-1.5832084423216628,0.14537124588249312,-1.2535155665443545
2004,-1.580193050602033,0.14884768677505417,-1.2375223763838907
2005,-1.5844826944980137,0.15316498145213064,-1.2577966810875756
2006,-1.579266708800366,0.15641115028301636,-1.259259062224186
