,xsec,gkos
1951,0.7883503210468457,0.696327548202063
1952,0.7769169308928415,0.6835901675806354
1953,0.7603100632496393,0.6727755037951687
1954,0.7499435124908844,0.662386212068435
1955,0.7860013063359633,0.6973109233174364
1956,0.7662063885159371,0.6850435982979067
1957,0.7601486242112829,0.6717311781023687
1958,0.7479717383142458,0.6571649911648649
1959,0.7828833402114238,0.6847208205762692
1960,0.7712347584217787,0.6734693900372635
1961,0.7630130895402464,0.6635422559622286
1962,0.7463895377075052,0.6543430317172149
1963,0.7324549199231618,0.6452299631239828
1964,0.712320562941207,0.635413642534028
1965,0.695043929773079,0.6256247138664613
1966,0.7896640520245317,0.7047767992643682
1967,0.7696019586103143,0.6934986363043673
1968,0.8083197564077864,0.7241619956359877
1969,0.7839519909744872,0.7087058977769722
1970,0.7655853603895467,0.6921200598593052
1971,0.7430813079488479,0.6762012797314063
1972,0.7678632784532198,0.7035405301338887
1973,0.8054743867358519,0.7356720829688035
1974,0.8432153253548178,0.7587002590620111
1975,0.8363543368522697,0.7521540841465806
1976,0.8341475950168387,0.757524924699943
1977,0.8395780404062705,0.7596322668851195
1978,0.8370433559795636,0.7591683629626984
1979,0.8763095808837846,0.7974810618249012
1980,0.8826948970908429,0.8007636820840567
1981,0.8917609478615817,0.8105420930608056
1982,0.8970734236139106,0.8161381834093897
1983,0.8930771936664219,0.8265240896333993
1984,0.8776061336045593,0.8306145480580162
1985,0.880490829666686,0.8326621115242175
1986,0.8794548780708051,0.8391199288244309
1987,0.8682445795611394,0.8408561314447414
1988,0.8581929574829369,0.8384729321063021
1989,0.864055532007197,0.8421588447715139
1990,0.8756196759113741,0.8458569830532304
1991,0.8803460594304059,0.8462055629372834
1992,0.8709325144086874,0.8471060135473185
1993,0.872353213746799,0.8477067846739302
1994,0.8752917010606798,0.8514953420364889
1995,0.8594065059734283,0.8474774416936248
1996,0.855392723495258,0.8456706449239361
1997,0.8503616050028735,0.8475889780795351
1998,0.8411724650453621,0.8514557876975466
1999,0.8445690674466304,0.8564986998327931
2000,0.8296614923260569,0.8576750522151375
2001,0.8491343526721782,0.8605546326342116
2002,0.8597876269281453,0.8644111851727735
2003,0.8540063257485783,0.8619589212499692
2004,0.84113864675372,0.8564103770112577
2005,0.8561056162994253,0.8561795532390585
2006,0.8560255598875761,0.85746562445321
