sex,cohort,n_ages,g0,g1,g2,g3,g0_raw,g1_raw,g2_raw,g3_raw,rmse,max_abs_resid,sdlog_gap,max_censored_share
female,1957,31,9.466578,0.228867,-0.040391,-0.021519,9.085129,0.192856,0.062898,-0.021519,0.019304,0.042961,-0.018588,0.000485
female,1958,31,9.470026,0.228242,-0.042639,-0.016096,9.061611,0.241071,0.034621,-0.016096,0.019291,0.048467,-0.028154,0.000479
female,1959,31,9.481305,0.229603,-0.045685,-0.016497,9.064560,0.249096,0.033501,-0.016497,0.018567,0.037960,-0.019281,0.000441
female,1960,31,9.493319,0.221807,-0.040554,-0.018191,9.109120,0.211873,0.046763,-0.018191,0.021742,0.057560,-0.031825,0.000315
female,1961,31,9.523000,0.213376,-0.049045,-0.012932,9.109010,0.271006,0.013027,-0.012932,0.015917,0.035550,-0.032936,0.000431
female,1962,31,9.535687,0.247732,-0.042325,-0.032289,9.163220,0.135192,0.112662,-0.032289,0.021784,0.059142,-0.038796,0.000454
female,1963,31,9.558231,0.234493,-0.050530,-0.032391,9.186359,0.147425,0.104948,-0.032391,0.019720,0.064574,-0.041934,0.000431
female,1964,31,9.541292,0.237160,-0.032626,-0.036912,9.229505,0.058080,0.144551,-0.036912,0.022198,0.059530,-0.041449,0.000454
female,1965,31,9.565399,0.234781,-0.043561,-0.043602,9.256825,0.039316,0.165727,-0.043602,0.018908,0.062822,-0.047156,0.000397
female,1966,31,9.591320,0.241225,-0.033800,-0.044834,9.302474,0.005056,0.181405,-0.044834,0.020385,0.048592,-0.065129,0.000304
female,1967,31,9.617910,0.222840,-0.034637,-0.038399,9.329978,0.038773,0.149679,-0.038399,0.020635,0.040632,-0.066577,0.000257
female,1968,31,9.626866,0.222239,-0.021364,-0.036479,9.366009,0.010447,0.153734,-0.036479,0.024051,0.054807,-0.074817,0.000279
female,1969,31,9.633168,0.235667,-0.019010,-0.041207,9.376218,-0.019968,0.178782,-0.041207,0.028920,0.060482,-0.075550,0.000397
female,1970,31,9.673607,0.204479,-0.022888,-0.016074,9.353689,0.154268,0.054270,-0.016074,0.025563,0.053069,-0.091100,0.000277
female,1971,31,9.706314,0.195216,-0.023830,-0.005494,9.355466,0.229279,0.002541,-0.005494,0.023778,0.052935,-0.085432,0.000189
female,1972,31,9.710270,0.193296,-0.018219,-0.004189,9.371513,0.219428,0.001886,-0.004189,0.020924,0.037087,-0.097047,0.000132
female,1973,31,9.731119,0.193332,-0.020505,-0.005775,9.392949,0.214596,0.007215,-0.005775,0.017129,0.032545,-0.095545,0.000076
female,1974,31,9.762751,0.183662,-0.032998,0.000217,9.383529,0.290920,-0.034039,0.000217,0.018657,0.039811,-0.093111,0.000063
female,1975,31,9.785032,0.186903,-0.030712,-0.004727,9.426725,0.248880,-0.008023,-0.004727,0.025866,0.049057,-0.103290,0.000076
female,1976,31,9.816842,0.217377,-0.034006,-0.021898,9.471680,0.158017,0.071106,-0.021898,0.025620,0.048315,-0.108628,0.000063
female,1977,31,9.811732,0.217996,-0.029006,-0.025326,9.492417,0.116314,0.092558,-0.025326,0.026690,0.047215,-0.112582,0.000045
female,1978,31,9.823846,0.228977,-0.032157,-0.037720,9.529661,0.042192,0.148898,-0.037720,0.024341,0.044214,-0.117024,0.000044
female,1979,31,9.844745,0.222174,-0.037422,-0.035493,9.538847,0.069336,0.132946,-0.035493,0.022210,0.043308,-0.126237,0.000057
female,1980,31,9.855075,0.220594,-0.040402,-0.040740,9.565568,0.036995,0.155151,-0.040740,0.024424,0.052402,-0.135168,0.000044
female,1981,31,9.871640,0.229619,-0.052412,-0.043448,9.548037,0.063659,0.156137,-0.043448,0.023985,0.043211,-0.142665,0.000044
female,1982,31,9.868892,0.223374,-0.046625,-0.041224,9.560987,0.055974,0.151250,-0.041224,0.026761,0.056778,-0.134208,0.000050
female,1983,31,9.885270,0.211523,-0.055227,-0.040805,9.572588,0.074869,0.140635,-0.040805,0.025244,0.050472,-0.148551,0.000038
male,1957,31,10.336307,0.126731,-0.146764,0.045179,9.572768,0.943351,-0.363624,0.045179,0.026937,0.065768,0.010620,0.000028
male,1958,31,10.348590,0.082648,-0.150617,0.063375,9.571190,1.051342,-0.454816,0.063375,0.024173,0.066441,0.000462,0.000028
male,1959,31,10.347878,0.061839,-0.139944,0.066330,9.618991,1.019076,-0.458329,0.066330,0.023684,0.068490,-0.011451,0.000028
male,1960,31,10.371847,0.058142,-0.133525,0.064511,9.672757,0.980869,-0.443180,0.064511,0.024644,0.070930,-0.002417,0.000028
male,1961,31,10.377014,0.036562,-0.132313,0.067246,9.704354,0.976413,-0.455094,0.067246,0.029386,0.074524,-0.012777,0.000028
male,1962,31,10.389716,0.028040,-0.123899,0.059619,9.783469,0.882394,-0.410072,0.059619,0.029148,0.065981,-0.008900,0.000028
male,1963,31,10.399033,0.035505,-0.119921,0.048036,9.838472,0.788168,-0.350493,0.048036,0.030305,0.067523,-0.025010,0.000021
male,1964,31,10.395828,0.014325,-0.109981,0.049824,9.887276,0.748915,-0.349138,0.049824,0.032264,0.074033,-0.024688,0.000021
male,1965,31,10.401032,0.029469,-0.094772,0.039654,9.948841,0.637285,-0.285113,0.039654,0.031543,0.065056,-0.047273,0.000021
male,1966,31,10.401196,0.027849,-0.087673,0.033081,9.996695,0.562463,-0.246460,0.033081,0.027487,0.057978,-0.045167,0.000021
male,1967,31,10.420841,0.038124,-0.073760,0.032411,10.038259,0.523076,-0.229335,0.032411,0.028276,0.061647,-0.055722,0.000021
male,1968,31,10.409153,0.022934,-0.063245,0.037579,10.056627,0.513928,-0.243626,0.037579,0.025090,0.061918,-0.059449,0.000021
male,1969,31,10.389432,0.041601,-0.052453,0.033355,10.051969,0.465616,-0.212557,0.033355,0.025258,0.060227,-0.074748,0.000021
male,1970,31,10.381063,0.033634,-0.049807,0.047971,10.003254,0.561433,-0.280067,0.047971,0.026025,0.062523,-0.090268,0.000021
male,1971,31,10.398892,0.046037,-0.053088,0.045373,10.003476,0.564388,-0.270881,0.045373,0.028563,0.061831,-0.081389,0.000021
male,1972,31,10.389790,0.058785,-0.047952,0.041187,10.004275,0.528547,-0.245649,0.041187,0.026716,0.055390,-0.098964,0.000021
male,1973,31,10.380655,0.079538,-0.054067,0.027754,10.001301,0.465706,-0.187287,0.027754,0.031590,0.069456,-0.097231,0.000021
male,1974,31,10.366135,0.078621,-0.057785,0.030483,9.967552,0.497646,-0.204106,0.030483,0.034043,0.063022,-0.109653,0.000021
male,1975,31,10.353271,0.086794,-0.052082,0.029678,9.959510,0.481381,-0.194535,0.029678,0.038497,0.075284,-0.112691,0.000021
male,1976,31,10.342666,0.107015,-0.045185,0.014911,9.994693,0.366125,-0.116759,0.014911,0.034447,0.068250,-0.118061,0.000028
male,1977,31,10.335598,0.130858,-0.038739,0.001788,10.019728,0.268557,-0.047323,0.001788,0.031966,0.070090,-0.121311,0.000028
male,1978,31,10.342093,0.152122,-0.044905,-0.014130,10.041619,0.187296,0.022921,-0.014130,0.029927,0.057646,-0.135557,0.000021
male,1979,31,10.350937,0.167572,-0.056128,-0.020048,10.021250,0.193214,0.040102,-0.020048,0.030438,0.048205,-0.136657,0.000021
male,1980,31,10.352765,0.166951,-0.064424,-0.015571,9.984497,0.253521,0.010318,-0.015571,0.029407,0.048589,-0.150739,0.000021
male,1981,31,10.358092,0.164809,-0.075695,-0.011213,9.946547,0.320917,-0.021873,-0.011213,0.030130,0.049746,-0.156757,0.000021
male,1982,31,10.360099,0.155352,-0.083865,-0.001626,9.903499,0.411236,-0.076062,-0.001626,0.030904,0.054675,-0.159198,0.000021
male,1983,31,10.358295,0.157405,-0.084206,-0.000728,9.893861,0.421274,-0.080711,-0.000728,0.031048,0.061159,-0.159903,0.000021
