year,ass_mean,model_mean,ratio,ass_cap_share,epuf_cap_share,model_cap_share
1951,2077.9421885753613,1890.0475275808672,0.9095765695371367,0.24552649690295938,0.27154099709978374,0.20946283970473953
1952,2159.113796576032,1935.1153509063445,0.8962544512360076,0.2787176905001678,0.3075326564080034,0.22213210727783683
1953,2233.2347140039446,1974.6924143162394,0.8842296790093472,0.31250821827744907,0.3453526281823575,0.2333991318522827
1954,2239.8926354638484,2015.9563498238551,0.9000236519847215,0.31649052172454284,0.346789045884705,0.2449261586629703
1955,2416.2576687116566,2181.838994141104,0.9029827498920908,0.2561963190184049,0.2786187428331726,0.20719516108492342
1956,2525.0702558793078,2230.897142035202,0.8834990380330365,0.2845141251294187,0.3113681349767965,0.21888842421830346
1957,2569.4857628559284,2302.183272304859,0.8959704333002537,0.29883836237427397,0.328936778826693,0.23424055514532802
1958,2590.2250250824136,2358.455080321055,0.9105213089530766,0.30569012469542783,0.3337375280469757,0.24855615931129232
1959,2821.6178521617853,2539.9761048256623,0.9001843048588799,0.2665550906555091,0.29509749434446697,0.2181054840268044
1960,2853.9914518130427,2585.855550337791,0.9060488070821257,0.2800220598373087,0.31093755318391814,0.22819890857404485
1961,2878.8794287283713,2626.4237137736886,0.9123076456639955,0.2920214226860752,0.3225445878701286,0.23729526849481586
1962,2948.976844372644,2662.6605842757135,0.9029099666742754,0.3117124394184168,0.34442045679129685,0.24546104748284467
1963,2985.8353190362723,2703.3844321551496,0.905403059210818,0.3252581413820492,0.3598340514938927,0.2541247246476312
1964,3052.951052563606,2754.3409955960224,0.9021897004484115,0.34504713935167247,0.38377342164718836,0.2644880234521552
1965,3107.709469509172,2801.7873741447693,0.9015602654090057,0.3611303916707982,0.40639710713834615,0.2747701901208505
1966,3694.326241134752,3269.6219244208037,0.8850387624176105,0.24229314420803783,0.2762121902195701,0.19144315266658415
1967,3790.9007352941176,3339.33153392693,0.8808807634652686,0.26364889705882355,0.2940680486729659,0.2012391702238008
1968,4204.967554262698,3671.548465171179,0.8731454922759685,0.21391810248377713,0.24289787032948304,0.17119665676503892
1969,4372.6917227894855,3804.8943019335215,0.8701492222978511,0.24524223332609169,0.27623680813337287,0.18488920907861395
1970,4464.496723600816,3959.1206110753033,0.8868011012632339,0.2602212912235471,0.29713139223627516,0.20088656782403747
1971,4574.244696807371,4108.979738836511,0.8982859490889076,0.2828797943004071,0.32262760338912916,0.21705302442236954
1972,5030.236907730673,4483.224851901497,0.8912552100700255,0.2501454696591854,0.2869286989160455,0.19042522546192223
1973,5628.067715115697,4995.270988530502,0.8875641234938151,0.20284483622157667,0.23467768626079447,0.1602803970949883
1974,6284.022500740156,5745.040729912168,0.9142298152553552,0.15109049639790784,0.1745301943784731,0.1393423201748889
1975,6633.333333333333,6248.410727235529,0.9419714664174165,0.1503992015968064,0.17116282183268625,0.14463890705126414
1976,7190.058479532164,6680.579770146199,0.9291412287067914,0.14941520467836258,0.17075354406259713,0.13935460511616338
1977,7717.863894139887,7169.868098298677,0.928996442103974,0.14839319470699433,0.16950614032307595,0.13705760740571962
1978,8278.481012658227,7711.161829692586,0.9314706185714288,0.15415913200723327,0.17561835170532436,0.13707304510217447
1979,9467.613132209406,8871.769006220053,0.9370650112474226,0.099698314108252,0.1121671161474957,0.10507800633461004
1980,10448.67256637168,9941.232971637168,0.9514350180359109,0.08763716814159292,0.09850158169197881,0.10236377173302684
1981,11452.212389380531,11052.302501522125,0.9650801195209027,0.07605309734513274,0.08520987644386867,0.09487122815801063
1982,12211.985688729876,11863.61948360465,0.9714734184919064,0.07092128801431127,0.07837251305320236,0.09084632150628592
1983,12971.454058876003,12632.323284915254,0.9738556084443986,0.06283675289919714,0.06895635763899902,0.08348698602839619
1984,13833.190025795357,13252.308505012898,0.9580081297445301,0.0638091143594153,0.07014525829484212,0.08099709743099727
1985,14378.964941569282,13865.747464115191,0.9643077593178915,0.06482470784641069,0.07125687036291109,0.08008904139842431
1986,15007.323026851098,14415.900095345809,0.9605910440891346,0.062034174125305125,0.0681689356587659,0.07603548915688738
1987,15605.095541401273,15031.325396464968,0.963231872344898,0.0615843949044586,0.0678589696260747,0.07549194835162662
1988,16114.197530864198,15709.78694945216,0.9749034613335568,0.06545524691358025,0.07204288264768752,0.07803435670675149
1989,17004.555808656038,16600.724139886104,0.9762515602692564,0.0615793470007593,0.06793479178699416,0.07605028350279486
1990,17649.700598802396,17555.58642270958,0.9946676616089907,0.056699101796407185,0.06194509856131271,0.0739746138387387
1991,18214.285714285714,18347.8809322406,1.0073346394171312,0.05626315789473684,0.06067995353407805,0.07438689570912732
1992,18900.0,19087.80252691791,1.0099366416358682,0.057216417910447764,0.06179922760223408,0.07429819764573713
1993,19368.84643644379,19847.159218559882,1.0246949545335913,0.05596620132255695,0.060454528855400425,0.07438269746922678
1994,20153.400868306802,20623.96990808249,1.0233493613733304,0.05439942112879884,0.05881349297151372,0.07206504006451384
1995,20702.836879432623,21271.78270229787,1.0274815391812544,0.058092198581560284,0.06320702768135375,0.0754536224403434
1996,21433.05439330544,21993.506287433753,1.026148951234098,0.060543933054393304,0.06601466235951796,0.07701115672196572
1997,22477.676280406446,22743.667210113243,1.0118335599458144,0.06173321016798385,0.06743129344167953,0.07556165948950384
1998,23691.07308483325,23362.058526225585,0.9861122981880337,0.0629897974271773,0.06891602685956437,0.07260446681074446
1999,24777.14708622706,24199.747839882908,0.9766962982326115,0.060852556943958025,0.06681028770346722,0.06881639522503107
2000,25906.082775379367,25191.424567645994,0.9724134978672819,0.06175839516066489,0.06786952529638202,0.06769215160330946
2001,26817.702167087045,26173.13804233798,0.9759649756443292,0.05927961085087764,0.0650063500200148,0.06549648450905339
2002,27438.941721059055,27058.32763403769,0.9861286892588409,0.054334282375575395,0.05939242316454121,0.06254970417107006
2003,28173.843287444364,27944.317606090204,0.9918532349664752,0.05495031570230825,0.059904233509669835,0.06389392361903365
2004,29119.913046258112,28852.161950487516,0.9908052233760017,0.0590272,0.06427725013330153,0.06738801693891448
2005,30067.313940357453,29957.717456738017,0.9963549626070078,0.06088236959845954,0.06619756080908443,0.06980990972780082
2006,31315.351563470183,31200.521317139806,0.996333100521077,0.060450978567662295,0.06615482839618492,0.06907249495908135
