fold,smooth_frac,year,heldout_negll,n_test,cells,bad_cells
0,0.0,1951,324846.1892559489,281644,107,0
0,0.0,1952,330654.0372249032,290220,109,0
0,0.0,1953,330011.04085339943,295456,109,0
0,0.0,1954,326583.5749742514,289625,109,0
0,0.0,1955,380972.6766018399,317531,112,0
0,0.0,1956,384820.6742508308,330175,113,0
0,0.0,1957,394824.04798999487,344934,112,0
0,0.0,1958,396308.67468487646,341843,112,0
0,0.0,1959,415838.2812505897,349276,111,0
0,0.0,1960,420855.0886198493,354096,111,0
0,0.0,1961,423495.18109416554,355897,112,0
0,0.0,1962,423461.57307439065,362813,111,0
0,0.0,1963,428093.4701219934,369567,112,0
0,0.0,1964,429527.1117837342,378256,111,0
0,0.0,1965,437680.7242309265,393405,112,0
0,0.0,1966,496529.4824347737,413235,112,0
0,0.0,1967,503664.6333650142,423274,113,0
0,0.0,1968,529964.9011111015,436569,113,0
0,0.0,1969,543731.6138958104,450861,113,0
0,0.0,1970,552213.3490949988,454635,114,0
0,0.0,1971,553056.8873651752,455814,114,0
0,0.0,1972,582378.4000411785,470101,114,0
0,0.0,1973,614389.6337528756,487883,114,0
0,0.0,1974,637570.7351392478,495795,114,0
0,0.0,1975,647155.9701784638,491604,114,0
0,0.0,1976,661240.9428354672,503839,114,0
0,0.0,1977,683172.1524126539,519291,113,0
0,0.0,1978,700762.3123471839,536310,113,0
0,0.0,1979,721657.7776794859,549899,114,0
0,0.0,1980,738880.3846150924,553028,114,0
0,0.0,1981,744597.634340332,553485,114,0
0,0.0,1982,751888.366281904,547170,115,0
0,0.0,1983,762816.6875070528,551777,113,0
0,0.0,1984,792660.7631988534,573431,114,0
0,0.0,1985,819377.9299834272,590534,113,0
0,0.0,1986,839249.6369613777,602349,113,0
0,0.0,1987,862149.605893908,618138,114,0
0,0.0,1988,890865.4627539264,637954,115,0
0,0.0,1989,910115.0423275263,650362,116,0
0,0.0,1990,919933.7090766862,655067,116,0
0,0.0,1991,923737.1487908391,652189,116,0
0,0.0,1992,935493.8072750688,656852,118,0
0,0.0,1993,952883.100951603,667023,118,0
0,0.0,1994,971343.1070786753,681396,119,0
0,0.0,1995,984556.5524508944,691996,118,0
0,0.0,1996,1003762.1298946433,704060,119,0
0,0.0,1997,1018274.3195186382,717318,120,0
0,0.0,1998,1034052.7013966647,730678,119,0
0,0.0,1999,1053254.8460298553,743629,121,0
0,0.0,2000,1077289.669591695,756319,121,0
0,0.0,2001,1086724.191865076,757642,122,0
0,0.0,2002,1094476.5814406504,754481,121,0
0,0.0,2003,1102431.9451651883,755926,123,0
0,0.0,2004,1113125.3675359841,763103,123,0
0,0.0,2005,1124512.8861180241,770460,123,0
0,0.0,2006,1134135.5915296755,776369,123,0
0,1e-05,1951,325002.4886915306,281644,107,0
0,1e-05,1952,330604.6584284804,290220,109,0
0,1e-05,1953,330578.3322460451,295456,109,0
0,1e-05,1954,326756.2232465405,289625,109,0
0,1e-05,1955,380863.9855732399,317531,112,0
0,1e-05,1956,384595.1527236483,330175,113,0
0,1e-05,1957,394948.7131647687,344934,112,0
0,1e-05,1958,396450.58238159923,341843,112,0
0,1e-05,1959,415898.146819883,349276,111,0
0,1e-05,1960,420875.5526678115,354096,111,0
0,1e-05,1961,423476.0158784388,355897,112,0
0,1e-05,1962,423364.25327842525,362813,111,0
0,1e-05,1963,428104.30239310424,369567,112,0
0,1e-05,1964,429570.8000201716,378256,111,0
0,1e-05,1965,437702.1243019087,393405,112,0
0,1e-05,1966,496525.21064616065,413235,112,0
0,1e-05,1967,503665.2839732875,423274,113,0
0,1e-05,1968,530037.9881861618,436569,113,0
0,1e-05,1969,543741.1642016639,450861,113,0
0,1e-05,1970,552129.4659073318,454635,114,0
0,1e-05,1971,553003.2889739602,455814,114,0
0,1e-05,1972,582347.8272936183,470101,114,0
0,1e-05,1973,614475.357426794,487883,114,0
0,1e-05,1974,637568.0956719404,495795,114,0
0,1e-05,1975,647167.055623529,491604,114,0
0,1e-05,1976,661274.0177421329,503839,114,0
0,1e-05,1977,683103.052883107,519291,113,0
0,1e-05,1978,700782.0190318945,536310,113,0
0,1e-05,1979,721654.9298655996,549899,114,0
0,1e-05,1980,738870.9919433352,553028,114,0
0,1e-05,1981,744494.8093599173,553485,114,0
0,1e-05,1982,751875.7608721589,547170,115,0
0,1e-05,1983,762842.8099308901,551777,113,0
0,1e-05,1984,792660.139525557,573431,114,0
0,1e-05,1985,819376.5870105709,590534,113,0
0,1e-05,1986,839235.4560055902,602349,113,0
0,1e-05,1987,862124.7212085348,618138,114,0
0,1e-05,1988,890862.7610634234,637954,115,0
0,1e-05,1989,910111.8790473576,650362,116,0
0,1e-05,1990,919935.3501885552,655067,116,0
0,1e-05,1991,923716.7076086922,652189,116,0
0,1e-05,1992,935493.7245660617,656852,118,0
0,1e-05,1993,952827.7573927009,667023,118,0
0,1e-05,1994,971289.0850363711,681396,119,0
0,1e-05,1995,984507.4085108438,691996,118,0
0,1e-05,1996,1003733.1824490319,704060,119,0
0,1e-05,1997,1018219.3470436375,717318,120,0
0,1e-05,1998,1034056.3087311157,730678,119,0
0,1e-05,1999,1053214.0809285778,743629,121,0
0,1e-05,2000,1077227.2941510791,756319,121,0
0,1e-05,2001,1086718.2720394714,757642,122,0
0,1e-05,2002,1094454.7755379616,754481,121,0
0,1e-05,2003,1102428.3845200497,755926,123,0
0,1e-05,2004,1113110.625693574,763103,123,0
0,1e-05,2005,1124483.3051992455,770460,123,0
0,1e-05,2006,1134122.9839749478,776369,123,0
0,3e-05,1951,324922.7759579792,281644,107,0
0,3e-05,1952,330776.906379881,290220,109,0
0,3e-05,1953,330355.8065631868,295456,109,0
0,3e-05,1954,326928.45586954325,289625,109,0
0,3e-05,1955,380830.82460315234,317531,112,0
0,3e-05,1956,384630.69241360365,330175,113,0
0,3e-05,1957,394906.36306619126,344934,112,0
0,3e-05,1958,396224.6573453566,341843,112,0
0,3e-05,1959,415803.0590581161,349276,111,0
0,3e-05,1960,420838.69602718874,354096,111,0
0,3e-05,1961,423496.84811184154,355897,112,0
0,3e-05,1962,423383.9693139473,362813,111,0
0,3e-05,1963,428127.7463552476,369567,112,0
0,3e-05,1964,429623.8522426182,378256,111,0
0,3e-05,1965,437744.41837861866,393405,112,0
0,3e-05,1966,496475.4350122804,413235,112,0
0,3e-05,1967,503629.63975465903,423274,113,0
0,3e-05,1968,529988.2200805045,436569,113,0
0,3e-05,1969,543729.9957574374,450861,113,0
0,3e-05,1970,552115.5542197018,454635,114,0
0,3e-05,1971,552931.7526954486,455814,114,0
0,3e-05,1972,582232.145481336,470101,114,0
0,3e-05,1973,614386.3889981864,487883,114,0
0,3e-05,1974,637579.8984403892,495795,114,0
0,3e-05,1975,647172.1565200855,491604,114,0
0,3e-05,1976,661264.5302653825,503839,114,0
0,3e-05,1977,683210.5376080159,519291,113,0
0,3e-05,1978,700772.6176587422,536310,113,0
0,3e-05,1979,721672.2518654859,549899,114,0
0,3e-05,1980,738872.9986527272,553028,114,0
0,3e-05,1981,744583.6799774352,553485,114,0
0,3e-05,1982,751889.1649346936,547170,115,0
0,3e-05,1983,762821.9342976223,551777,113,0
0,3e-05,1984,792669.1172185749,573431,114,0
0,3e-05,1985,819376.5783226987,590534,113,0
0,3e-05,1986,839243.4631533544,602349,113,0
0,3e-05,1987,862154.0612547916,618138,114,0
0,3e-05,1988,890728.2243397116,637954,115,0
0,3e-05,1989,910111.4997489769,650362,116,0
0,3e-05,1990,919908.3386882,655067,116,0
0,3e-05,1991,923721.2334080894,652189,116,0
0,3e-05,1992,935504.4129714671,656852,118,0
0,3e-05,1993,952819.4036193981,667023,118,0
0,3e-05,1994,971285.6070465612,681396,119,0
0,3e-05,1995,984505.9538368462,691996,118,0
0,3e-05,1996,1003743.0897871288,704060,119,0
0,3e-05,1997,1018195.014491023,717318,120,0
0,3e-05,1998,1034040.4684993376,730678,119,0
0,3e-05,1999,1053191.2024792356,743629,121,0
0,3e-05,2000,1077201.986876531,756319,121,0
0,3e-05,2001,1086708.5676878735,757642,122,0
0,3e-05,2002,1094464.7542628436,754481,121,0
0,3e-05,2003,1102415.0197100085,755926,123,0
0,3e-05,2004,1113112.8972815122,763103,123,0
0,3e-05,2005,1124553.0545999627,770460,123,0
0,3e-05,2006,1134134.2102160102,776369,123,0
0,0.0001,1951,324965.5771513404,281644,107,0
0,0.0001,1952,330541.51961868064,290220,109,0
0,0.0001,1953,329962.61236114195,295456,109,0
0,0.0001,1954,326835.4991544325,289625,109,0
0,0.0001,1955,380891.1360463861,317531,112,0
0,0.0001,1956,384825.50185999426,330175,113,0
0,0.0001,1957,394902.8815299235,344934,112,0
0,0.0001,1958,396448.38076142396,341843,112,0
0,0.0001,1959,415791.2445264844,349276,111,0
0,0.0001,1960,420876.6653204156,354096,111,0
0,0.0001,1961,423509.47964442975,355897,112,0
0,0.0001,1962,423344.51110254053,362813,111,0
0,0.0001,1963,428104.6091077856,369567,112,0
0,0.0001,1964,429654.2858793485,378256,111,0
0,0.0001,1965,437787.5010545284,393405,112,0
0,0.0001,1966,496495.79560995183,413235,112,0
0,0.0001,1967,503715.30361006514,423274,113,0
0,0.0001,1968,529951.9387711729,436569,113,0
0,0.0001,1969,543746.5745241531,450861,113,0
0,0.0001,1970,552221.3091966367,454635,114,0
0,0.0001,1971,552877.3646344964,455814,114,0
0,0.0001,1972,582418.3858539602,470101,114,0
0,0.0001,1973,614487.6429614428,487883,114,0
0,0.0001,1974,637570.0603397439,495795,114,0
0,0.0001,1975,647129.1942997505,491604,114,0
0,0.0001,1976,661286.310801976,503839,114,0
0,0.0001,1977,683109.4511917678,519291,113,0
0,0.0001,1978,700829.6316327963,536310,113,0
0,0.0001,1979,721671.226634189,549899,114,0
0,0.0001,1980,738894.6887560514,553028,114,0
0,0.0001,1981,744484.8790613286,553485,114,0
0,0.0001,1982,751905.9987135541,547170,115,0
0,0.0001,1983,762813.5280690854,551777,113,0
0,0.0001,1984,792686.3138700366,573431,114,0
0,0.0001,1985,819380.9324429521,590534,113,0
0,0.0001,1986,839243.2736965314,602349,113,0
0,0.0001,1987,862156.727581732,618138,114,0
0,0.0001,1988,890694.6138208751,637954,115,0
0,0.0001,1989,910103.4506136494,650362,116,0
0,0.0001,1990,919917.6478679371,655067,116,0
0,0.0001,1991,923729.6840212302,652189,116,0
0,0.0001,1992,935491.246955587,656852,118,0
0,0.0001,1993,952840.6570818936,667023,118,0
0,0.0001,1994,971278.9541323291,681396,119,0
0,0.0001,1995,984529.8056397642,691996,118,0
0,0.0001,1996,1003728.9928477256,704060,119,0
0,0.0001,1997,1018193.920266099,717318,120,0
0,0.0001,1998,1034112.3873332253,730678,119,0
0,0.0001,1999,1053183.8579245412,743629,121,0
0,0.0001,2000,1077236.64702818,756319,121,0
0,0.0001,2001,1086722.7315016803,757642,122,0
0,0.0001,2002,1094464.962285798,754481,121,0
0,0.0001,2003,1102420.4122631166,755926,123,0
0,0.0001,2004,1113087.1384818756,763103,123,0
0,0.0001,2005,1124505.2695982964,770460,123,0
0,0.0001,2006,1134084.6471667136,776369,123,0
0,0.0003,1951,324840.00161614415,281644,107,0
0,0.0003,1952,330576.90402278793,290220,109,0
0,0.0003,1953,330049.57895898825,295456,109,0
0,0.0003,1954,326543.8940453135,289625,109,0
0,0.0003,1955,380859.15785278287,317531,112,0
0,0.0003,1956,384792.7614795734,330175,113,0
0,0.0003,1957,394898.2469926542,344934,112,0
0,0.0003,1958,396378.2387301219,341843,112,0
0,0.0003,1959,415874.60345269623,349276,111,0
0,0.0003,1960,420777.99896466365,354096,111,0
0,0.0003,1961,423444.5799807016,355897,112,0
0,0.0003,1962,423408.3408434306,362813,111,0
0,0.0003,1963,428142.71915399696,369567,112,0
0,0.0003,1964,429594.8684230152,378256,111,0
0,0.0003,1965,437731.23382433556,393405,112,0
0,0.0003,1966,496504.5904859408,413235,112,0
0,0.0003,1967,503695.38013983006,423274,113,0
0,0.0003,1968,529925.1614366244,436569,113,0
0,0.0003,1969,543722.679254337,450861,113,0
0,0.0003,1970,552203.4001683305,454635,114,0
0,0.0003,1971,552991.5752896038,455814,114,0
0,0.0003,1972,582153.5824752192,470101,114,0
0,0.0003,1973,614420.6168378531,487883,114,0
0,0.0003,1974,637571.0320595161,495795,114,0
0,0.0003,1975,647127.0601573572,491604,114,0
0,0.0003,1976,661305.3414465551,503839,114,0
0,0.0003,1977,683074.8701363123,519291,113,0
0,0.0003,1978,700744.5016026526,536310,113,0
0,0.0003,1979,721687.3112096607,549899,114,0
0,0.0003,1980,738911.9812509988,553028,114,0
0,0.0003,1981,744491.00031146,553485,114,0
0,0.0003,1982,751928.8438983675,547170,115,0
0,0.0003,1983,762824.3842169091,551777,113,0
0,0.0003,1984,792677.558539782,573431,114,0
0,0.0003,1985,819394.7114028854,590534,113,0
0,0.0003,1986,839212.7373430246,602349,113,0
0,0.0003,1987,862089.226785792,618138,114,0
0,0.0003,1988,890705.0133269264,637954,115,0
0,0.0003,1989,910046.2537156426,650362,116,0
0,0.0003,1990,919894.58351503,655067,116,0
0,0.0003,1991,923723.3483974085,652189,116,0
0,0.0003,1992,935492.4111232047,656852,118,0
0,0.0003,1993,952876.4494521541,667023,118,0
0,0.0003,1994,971281.0961193038,681396,119,0
0,0.0003,1995,984550.0533827574,691996,118,0
0,0.0003,1996,1003702.5749907993,704060,119,0
0,0.0003,1997,1018168.6980303865,717318,120,0
0,0.0003,1998,1034076.4494669206,730678,119,0
0,0.0003,1999,1053173.894842841,743629,121,0
0,0.0003,2000,1077212.9365744302,756319,121,0
0,0.0003,2001,1086699.346513231,757642,122,0
0,0.0003,2002,1094442.6673742053,754481,121,0
0,0.0003,2003,1102416.889408799,755926,123,0
0,0.0003,2004,1113089.9356253762,763103,123,0
0,0.0003,2005,1124541.3249113804,770460,123,0
0,0.0003,2006,1134165.7288937278,776369,123,0
0,0.001,1951,324846.60468258685,281644,107,0
0,0.001,1952,330634.14144080976,290220,109,0
0,0.001,1953,330735.0578329099,295456,109,0
0,0.001,1954,326531.72049065033,289625,109,0
0,0.001,1955,380961.45337591245,317531,112,0
0,0.001,1956,384663.64259657403,330175,113,0
0,0.001,1957,394960.55432989687,344934,112,0
0,0.001,1958,396319.97449517896,341843,112,0
0,0.001,1959,415816.90393618157,349276,111,0
0,0.001,1960,420762.4211640124,354096,111,0
0,0.001,1961,423366.7022949693,355897,112,0
0,0.001,1962,423327.3905238305,362813,111,0
0,0.001,1963,428052.823547424,369567,112,0
0,0.001,1964,429577.4833331235,378256,111,0
0,0.001,1965,437634.78174505214,393405,112,0
0,0.001,1966,496479.8309742564,413235,112,0
0,0.001,1967,503655.3527729515,423274,113,0
0,0.001,1968,529962.5822198964,436569,113,0
0,0.001,1969,543790.9009447726,450861,113,0
0,0.001,1970,552141.4720505252,454635,114,0
0,0.001,1971,552883.5810079073,455814,114,0
0,0.001,1972,582168.0362193339,470101,114,0
0,0.001,1973,614436.4821981647,487883,114,0
0,0.001,1974,637590.9466000738,495795,114,0
0,0.001,1975,647156.3272162979,491604,114,0
0,0.001,1976,661354.4861043263,503839,114,0
0,0.001,1977,683075.4854044562,519291,113,0
0,0.001,1978,700673.8938747178,536310,113,0
0,0.001,1979,721753.2928566082,549899,114,0
0,0.001,1980,738891.6586558785,553028,114,0
0,0.001,1981,744451.202798375,553485,114,0
0,0.001,1982,751897.326532828,547170,115,0
0,0.001,1983,762823.9645383549,551777,113,0
0,0.001,1984,792665.3783047297,573431,114,0
0,0.001,1985,819385.4875781937,590534,113,0
0,0.001,1986,839204.4329529952,602349,113,0
0,0.001,1987,862117.9962014144,618138,114,0
0,0.001,1988,890705.4964173458,637954,115,0
0,0.001,1989,910037.1166981251,650362,116,0
0,0.001,1990,919866.2872701357,655067,116,0
0,0.001,1991,923751.442044614,652189,116,0
0,0.001,1992,935471.243650955,656852,118,0
0,0.001,1993,952858.2734443992,667023,118,0
0,0.001,1994,971253.5550214592,681396,119,0
0,0.001,1995,984561.9123012397,691996,118,0
0,0.001,1996,1003685.6162040337,704060,119,0
0,0.001,1997,1018156.9650585029,717318,120,0
0,0.001,1998,1034076.6704432376,730678,119,0
0,0.001,1999,1053140.0013596497,743629,121,0
0,0.001,2000,1077296.4797287064,756319,121,0
0,0.001,2001,1086720.5906168744,757642,122,0
0,0.001,2002,1094431.083847586,754481,121,0
0,0.001,2003,1102387.8258841399,755926,123,0
0,0.001,2004,1113109.368579254,763103,123,0
0,0.001,2005,1124527.6957425042,770460,123,0
0,0.001,2006,1134146.2905278727,776369,123,0
0,0.003,1951,325016.2398395033,281644,107,0
0,0.003,1952,330204.62099885807,290220,109,0
0,0.003,1953,332276.9752024549,295456,109,0
0,0.003,1954,326138.58933818236,289625,109,0
0,0.003,1955,380713.12517637806,317531,112,0
0,0.003,1956,384854.580990877,330175,113,0
0,0.003,1957,394833.0251688415,344934,112,0
0,0.003,1958,396299.4592796233,341843,112,0
0,0.003,1959,415778.9779793213,349276,111,0
0,0.003,1960,420764.66370781,354096,111,0
0,0.003,1961,423330.42762567254,355897,112,0
0,0.003,1962,423291.1376707552,362813,111,0
0,0.003,1963,428084.03070223314,369567,112,0
0,0.003,1964,429461.2019376341,378256,111,0
0,0.003,1965,437480.68276563915,393405,112,0
0,0.003,1966,496425.5459886613,413235,112,0
0,0.003,1967,503612.6815345026,423274,113,0
0,0.003,1968,529833.8540769136,436569,113,0
0,0.003,1969,543708.3659500532,450861,113,0
0,0.003,1970,552012.740670893,454635,114,0
0,0.003,1971,552912.1732803826,455814,114,0
0,0.003,1972,582224.3462262729,470101,114,0
0,0.003,1973,614433.8385002703,487883,114,0
0,0.003,1974,637555.1970989748,495795,114,0
0,0.003,1975,647129.5469694756,491604,114,0
0,0.003,1976,661322.3248666087,503839,114,0
0,0.003,1977,683075.0768963966,519291,113,0
0,0.003,1978,700646.3331118061,536310,113,0
0,0.003,1979,721644.9018720376,549899,114,0
0,0.003,1980,738941.7342467288,553028,114,0
0,0.003,1981,744452.7139141861,553485,114,0
0,0.003,1982,751850.3874621728,547170,115,0
0,0.003,1983,762815.8029889578,551777,113,0
0,0.003,1984,792687.975139448,573431,114,0
0,0.003,1985,819423.2291292142,590534,113,0
0,0.003,1986,839195.0872203413,602349,113,0
0,0.003,1987,862074.0898102116,618138,114,0
0,0.003,1988,890705.5713606529,637954,115,0
0,0.003,1989,910044.3300175323,650362,116,0
0,0.003,1990,919885.3055635692,655067,116,0
0,0.003,1991,923781.8874658538,652189,116,0
0,0.003,1992,935415.567685068,656852,118,0
0,0.003,1993,952910.3761292638,667023,118,0
0,0.003,1994,971258.7380610727,681396,119,0
0,0.003,1995,984578.8308807043,691996,118,0
0,0.003,1996,1003696.152572757,704060,119,0
0,0.003,1997,1018260.902356209,717318,120,0
0,0.003,1998,1034060.0986079014,730678,119,0
0,0.003,1999,1053297.173990821,743629,121,0
0,0.003,2000,1077335.5375583556,756319,121,0
0,0.003,2001,1086740.710456688,757642,122,0
0,0.003,2002,1094456.4274167186,754481,121,0
0,0.003,2003,1102453.2061754616,755926,123,0
0,0.003,2004,1113155.4875399438,763103,123,0
0,0.003,2005,1124672.6300087438,770460,123,0
0,0.003,2006,1134163.8831441887,776369,123,0
0,0.01,1951,324900.00619085965,281644,107,0
0,0.01,1952,330461.4125173679,290220,109,0
0,0.01,1953,340143.4030842381,295456,109,0
0,0.01,1954,343178.9267021749,289625,109,0
0,0.01,1955,381132.71803238004,317531,112,0
0,0.01,1956,384614.30482343957,330175,113,0
0,0.01,1957,395061.20717740786,344934,112,0
0,0.01,1958,396354.6307378454,341843,112,0
0,0.01,1959,415802.61405041884,349276,111,0
0,0.01,1960,420769.32236237085,354096,111,0
0,0.01,1961,423469.8750397162,355897,112,0
0,0.01,1962,423384.4603697829,362813,111,0
0,0.01,1963,428086.59422295075,369567,112,0
0,0.01,1964,429765.8870828503,378256,111,0
0,0.01,1965,437469.2466796557,393405,112,0
0,0.01,1966,496546.218662282,413235,112,0
0,0.01,1967,503630.2259978877,423274,113,0
0,0.01,1968,530031.4041365364,436569,113,0
0,0.01,1969,543754.78247529,450861,113,0
0,0.01,1970,552115.2835168089,454635,114,0
0,0.01,1971,552668.2490818609,455814,114,0
0,0.01,1972,582211.785729639,470101,114,0
0,0.01,1973,614493.0479577283,487883,114,0
0,0.01,1974,637609.9845243482,495795,114,0
0,0.01,1975,647183.5184543285,491604,114,0
0,0.01,1976,661420.1931200046,503839,114,0
0,0.01,1977,683127.8999897323,519291,113,0
0,0.01,1978,700674.22199831,536310,113,0
0,0.01,1979,721710.141579539,549899,114,0
0,0.01,1980,738921.093321776,553028,114,0
0,0.01,1981,744517.6587128039,553485,114,0
0,0.01,1982,751916.1614332948,547170,115,0
0,0.01,1983,762858.1163609951,551777,113,0
0,0.01,1984,792800.0126022188,573431,114,0
0,0.01,1985,819535.8381857371,590534,113,0
0,0.01,1986,839275.938404609,602349,113,0
0,0.01,1987,862210.2125962276,618138,114,0
0,0.01,1988,890775.5696516833,637954,115,0
0,0.01,1989,910194.7771763182,650362,116,0
0,0.01,1990,920015.4718328554,655067,116,0
0,0.01,1991,923938.0051719933,652189,116,0
0,0.01,1992,935506.81915684,656852,118,0
0,0.01,1993,952915.1983988284,667023,118,0
0,0.01,1994,971418.5196262981,681396,119,0
0,0.01,1995,984865.6538962307,691996,118,0
0,0.01,1996,1003928.6181142147,704060,119,0
0,0.01,1997,1018425.3978371908,717318,120,0
0,0.01,1998,1034136.3122153125,730678,119,0
0,0.01,1999,1053423.4756057183,743629,121,0
0,0.01,2000,1077614.1334624784,756319,121,0
0,0.01,2001,1086934.228176012,757642,122,0
0,0.01,2002,1094663.4573556306,754481,121,0
0,0.01,2003,1102606.5731551687,755926,123,0
0,0.01,2004,1113431.4189398834,763103,123,0
0,0.01,2005,1124844.6128215597,770460,123,0
0,0.01,2006,1134337.0930905016,776369,123,0
1,0.0,1951,327534.7290988324,283353,107,0
1,0.0,1952,331632.9875387148,291301,109,0
1,0.0,1953,329837.03459603316,295971,108,0
1,0.0,1954,328254.6469889212,291310,109,0
1,0.0,1955,382549.27058456803,319229,112,0
1,0.0,1956,385931.3916427533,331582,113,0
1,0.0,1957,395855.5790038935,346282,112,0
1,0.0,1958,395810.3570284648,342372,111,0
1,0.0,1959,416640.92414438113,350495,111,0
1,0.0,1960,420813.6349857259,355186,111,0
1,0.0,1961,423582.9602222169,357149,112,0
1,0.0,1962,425336.7729002964,364633,112,0
1,0.0,1963,427743.9602302655,370377,111,0
1,0.0,1964,431804.55232778325,380166,111,0
1,0.0,1965,441979.2232199523,396145,112,0
1,0.0,1966,500648.6258784276,416416,113,0
1,0.0,1967,506518.4119696226,425513,112,0
1,0.0,1968,532912.6868297422,438751,112,0
1,0.0,1969,547667.7904035451,453902,114,0
1,0.0,1970,553555.8048160267,456271,113,0
1,0.0,1971,556345.548139103,458219,114,0
1,0.0,1972,584492.3046346592,472381,114,0
1,0.0,1973,618718.1862313631,490799,114,0
1,0.0,1974,641426.6252768333,498076,113,0
1,0.0,1975,649158.1542098904,493099,113,0
1,0.0,1976,664560.164640448,505764,114,0
1,0.0,1977,685663.6268306568,521193,113,0
1,0.0,1978,702309.7637776752,537604,113,0
1,0.0,1979,722618.731368758,551045,114,0
1,0.0,1980,740137.6949472226,554104,114,0
1,0.0,1981,746274.911769615,555002,114,0
1,0.0,1982,750579.9917129832,547241,113,0
1,0.0,1983,764299.8705405559,553036,113,0
1,0.0,1984,795571.3256004956,575145,115,0
1,0.0,1985,820251.7691785669,591637,114,0
1,0.0,1986,841378.9026295436,603443,114,0
1,0.0,1987,862466.8427612263,618307,114,0
1,0.0,1988,890449.6874431923,637619,114,0
1,0.0,1989,909285.982451343,650254,115,0
1,0.0,1990,919969.3994215142,655142,115,0
1,0.0,1991,924649.9251531004,653117,116,0
1,0.0,1992,937121.6678896756,657701,117,0
1,0.0,1993,954979.9477780204,667817,118,0
1,0.0,1994,972446.2964466672,681922,119,0
1,0.0,1995,987829.9728286292,693721,119,0
1,0.0,1996,1004267.8791769203,705202,120,0
1,0.0,1997,1020433.5613405312,718499,120,0
1,0.0,1998,1035243.6816814576,731676,119,0
1,0.0,1999,1052328.0453162226,743805,120,0
1,0.0,2000,1075449.0624935343,756573,121,0
1,0.0,2001,1087211.8278333182,758111,121,0
1,0.0,2002,1095264.324432748,755965,122,0
1,0.0,2003,1100147.605299621,756093,122,0
1,0.0,2004,1112087.936325106,763912,123,0
1,0.0,2005,1122902.3323105832,771216,123,0
1,0.0,2006,1134770.9518467118,777172,123,0
1,1e-05,1951,327570.69462662615,283353,107,0
1,1e-05,1952,331656.5585220654,291301,109,0
1,1e-05,1953,330345.66754852433,295971,108,0
1,1e-05,1954,328404.3525378633,291310,109,0
1,1e-05,1955,382703.0836775853,319229,112,0
1,1e-05,1956,385924.0144641219,331582,113,0
1,1e-05,1957,395926.5815334453,346282,112,0
1,1e-05,1958,395889.26415670454,342372,111,0
1,1e-05,1959,416668.1774157637,350495,111,0
1,1e-05,1960,420835.9666060187,355186,111,0
1,1e-05,1961,423725.9775454621,357149,112,0
1,1e-05,1962,425449.6435347049,364633,112,0
1,1e-05,1963,427831.3509928288,370377,111,0
1,1e-05,1964,431839.81162043865,380166,111,0
1,1e-05,1965,442093.94756348716,396145,112,0
1,1e-05,1966,500641.5078264366,416416,113,0
1,1e-05,1967,506433.7963817458,425513,112,0
1,1e-05,1968,532916.6514008394,438751,112,0
1,1e-05,1969,547650.1308209574,453902,114,0
1,1e-05,1970,553546.282884263,456271,113,0
1,1e-05,1971,556247.8547031423,458219,114,0
1,1e-05,1972,584472.0896645,472381,114,0
1,1e-05,1973,618729.9219401766,490799,114,0
1,1e-05,1974,641440.8039903016,498076,113,0
1,1e-05,1975,649150.5696512423,493099,113,0
1,1e-05,1976,664570.2123960471,505764,114,0
1,1e-05,1977,685702.2698596157,521193,113,0
1,1e-05,1978,702305.8084590951,537604,113,0
1,1e-05,1979,722626.6084950241,551045,114,0
1,1e-05,1980,740153.4685206494,554104,114,0
1,1e-05,1981,746269.8047274239,555002,114,0
1,1e-05,1982,750618.8709364166,547241,113,0
1,1e-05,1983,764307.8122069495,553036,113,0
1,1e-05,1984,795558.1687925999,575145,115,0
1,1e-05,1985,820245.7176703844,591637,114,0
1,1e-05,1986,841385.6341277875,603443,114,0
1,1e-05,1987,862453.8898705837,618307,114,0
1,1e-05,1988,890445.610556038,637619,114,0
1,1e-05,1989,909274.6749748989,650254,115,0
1,1e-05,1990,919949.9115828831,655142,115,0
1,1e-05,1991,924637.8833713973,653117,116,0
1,1e-05,1992,937090.6004505822,657701,117,0
1,1e-05,1993,954947.6049393864,667817,118,0
1,1e-05,1994,972406.6070455031,681922,119,0
1,1e-05,1995,987816.389161236,693721,119,0
1,1e-05,1996,1004223.4911044096,705202,120,0
1,1e-05,1997,1020353.6679332154,718499,120,0
1,1e-05,1998,1035126.0100501762,731676,119,0
1,1e-05,1999,1052222.0361620386,743805,120,0
1,1e-05,2000,1075344.1053000172,756573,121,0
1,1e-05,2001,1087135.5304307642,758111,121,0
1,1e-05,2002,1095201.320250382,755965,122,0
1,1e-05,2003,1100117.3687930482,756093,122,0
1,1e-05,2004,1112018.4215731549,763912,123,0
1,1e-05,2005,1122895.5822353046,771216,123,0
1,1e-05,2006,1134742.8281131347,777172,123,0
1,3e-05,1951,327829.2963731183,283353,107,0
1,3e-05,1952,332149.52185851877,291301,109,0
1,3e-05,1953,330380.3903348873,295971,108,0
1,3e-05,1954,328630.1190334452,291310,109,0
1,3e-05,1955,382533.2618250331,319229,112,0
1,3e-05,1956,385986.84665769374,331582,113,0
1,3e-05,1957,395953.51284110104,346282,112,0
1,3e-05,1958,395971.67548548366,342372,111,0
1,3e-05,1959,416675.7972884679,350495,111,0
1,3e-05,1960,420927.6869079512,355186,111,0
1,3e-05,1961,423713.43353012396,357149,112,0
1,3e-05,1962,425337.2065624747,364633,112,0
1,3e-05,1963,427752.9962498865,370377,111,0
1,3e-05,1964,431823.0896061052,380166,111,0
1,3e-05,1965,442009.88829136547,396145,112,0
1,3e-05,1966,500637.08043727494,416416,113,0
1,3e-05,1967,506402.0692030673,425513,112,0
1,3e-05,1968,532908.9193515489,438751,112,0
1,3e-05,1969,547621.6119804352,453902,114,0
1,3e-05,1970,553583.7962123114,456271,113,0
1,3e-05,1971,556401.6763515255,458219,114,0
1,3e-05,1972,584647.7261992655,472381,114,0
1,3e-05,1973,618719.4583223708,490799,114,0
1,3e-05,1974,641425.2696449948,498076,113,0
1,3e-05,1975,649173.7019190294,493099,113,0
1,3e-05,1976,664575.5648222204,505764,114,0
1,3e-05,1977,685695.8220683928,521193,113,0
1,3e-05,1978,702310.7156653743,537604,113,0
1,3e-05,1979,722626.0605695581,551045,114,0
1,3e-05,1980,740139.8045129547,554104,114,0
1,3e-05,1981,746271.4852337055,555002,114,0
1,3e-05,1982,750590.3737381599,547241,113,0
1,3e-05,1983,764297.8751411377,553036,113,0
1,3e-05,1984,795547.1261695607,575145,115,0
1,3e-05,1985,820238.597968739,591637,114,0
1,3e-05,1986,841372.0450673979,603443,114,0
1,3e-05,1987,862456.1295056763,618307,114,0
1,3e-05,1988,890413.6525242939,637619,114,0
1,3e-05,1989,909277.3018438761,650254,115,0
1,3e-05,1990,919958.4903406955,655142,115,0
1,3e-05,1991,924633.1019661182,653117,116,0
1,3e-05,1992,937099.6625927605,657701,117,0
1,3e-05,1993,954947.706140053,667817,118,0
1,3e-05,1994,972404.5417015874,681922,119,0
1,3e-05,1995,987799.4925032599,693721,119,0
1,3e-05,1996,1004210.5072598935,705202,120,0
1,3e-05,1997,1020418.9280543769,718499,120,0
1,3e-05,1998,1035117.9969342302,731676,119,0
1,3e-05,1999,1052196.8477654734,743805,120,0
1,3e-05,2000,1075323.8289482952,756573,121,0
1,3e-05,2001,1087142.5938186145,758111,121,0
1,3e-05,2002,1095214.056106204,755965,122,0
1,3e-05,2003,1100111.2489876726,756093,122,0
1,3e-05,2004,1112071.8264490045,763912,123,0
1,3e-05,2005,1122894.191580241,771216,123,0
1,3e-05,2006,1134738.1906288813,777172,123,0
1,0.0001,1951,327497.88417281344,283353,107,0
1,0.0001,1952,331335.0910766292,291301,109,0
1,0.0001,1953,330467.29169917834,295971,108,0
1,0.0001,1954,328399.8177731034,291310,109,0
1,0.0001,1955,382485.4783869426,319229,112,0
1,0.0001,1956,385905.37735785486,331582,113,0
1,0.0001,1957,395891.4411173606,346282,112,0
1,0.0001,1958,395791.29608068493,342372,111,0
1,0.0001,1959,416639.544445083,350495,111,0
1,0.0001,1960,420937.5929074085,355186,111,0
1,0.0001,1961,423577.40809654666,357149,112,0
1,0.0001,1962,425375.81037986133,364633,112,0
1,0.0001,1963,427744.1604835642,370377,111,0
1,0.0001,1964,431876.2869102621,380166,111,0
1,0.0001,1965,442110.57743318786,396145,112,0
1,0.0001,1966,500649.18674591277,416416,113,0
1,0.0001,1967,506504.40148992965,425513,112,0
1,0.0001,1968,532896.2614065096,438751,112,0
1,0.0001,1969,547631.2391675657,453902,114,0
1,0.0001,1970,553521.4169208624,456271,113,0
1,0.0001,1971,556273.7608226277,458219,114,0
1,0.0001,1972,584517.6875846714,472381,114,0
1,0.0001,1973,618721.2826736987,490799,114,0
1,0.0001,1974,641462.7225928638,498076,113,0
1,0.0001,1975,649202.6150610866,493099,113,0
1,0.0001,1976,664581.242216543,505764,114,0
1,0.0001,1977,685691.1729893923,521193,113,0
1,0.0001,1978,702304.0323363148,537604,113,0
1,0.0001,1979,722630.5362050689,551045,114,0
1,0.0001,1980,740141.6240057237,554104,114,0
1,0.0001,1981,746286.9905199229,555002,114,0
1,0.0001,1982,750560.1310002394,547241,113,0
1,0.0001,1983,764330.052707777,553036,113,0
1,0.0001,1984,795521.0117621019,575145,115,0
1,0.0001,1985,820251.7731886654,591637,114,0
1,0.0001,1986,841394.5935189257,603443,114,0
1,0.0001,1987,862432.456086458,618307,114,0
1,0.0001,1988,890406.5269721306,637619,114,0
1,0.0001,1989,909263.5662282311,650254,115,0
1,0.0001,1990,919959.063124159,655142,115,0
1,0.0001,1991,924620.1221422694,653117,116,0
1,0.0001,1992,937082.6349715908,657701,117,0
1,0.0001,1993,954953.1417816671,667817,118,0
1,0.0001,1994,972408.3669217837,681922,119,0
1,0.0001,1995,987806.3239493704,693721,119,0
1,0.0001,1996,1004212.2313899201,705202,120,0
1,0.0001,1997,1020399.0722491784,718499,120,0
1,0.0001,1998,1035108.7286682979,731676,119,0
1,0.0001,1999,1052250.3450779496,743805,120,0
1,0.0001,2000,1075324.4345562386,756573,121,0
1,0.0001,2001,1087170.8380499997,758111,121,0
1,0.0001,2002,1095183.825479812,755965,122,0
1,0.0001,2003,1100104.5476984852,756093,122,0
1,0.0001,2004,1112055.8051386254,763912,123,0
1,0.0001,2005,1122903.2507478518,771216,123,0
1,0.0001,2006,1134718.9203997713,777172,123,0
1,0.0003,1951,327533.47888432286,283353,107,0
1,0.0003,1952,331692.68207217177,291301,109,0
1,0.0003,1953,329857.3962217109,295971,108,0
1,0.0003,1954,328452.7235199483,291310,109,0
1,0.0003,1955,382651.0346110949,319229,112,0
1,0.0003,1956,385687.8394412229,331582,113,0
1,0.0003,1957,395871.58710298693,346282,112,0
1,0.0003,1958,395849.20465115836,342372,111,0
1,0.0003,1959,416697.1396102105,350495,111,0
1,0.0003,1960,420938.3724729866,355186,111,0
1,0.0003,1961,423594.08367487486,357149,112,0
1,0.0003,1962,425382.4932853642,364633,112,0
1,0.0003,1963,427754.34755757364,370377,111,0
1,0.0003,1964,431874.0581373371,380166,111,0
1,0.0003,1965,441997.9831514808,396145,112,0
1,0.0003,1966,500611.34147214255,416416,113,0
1,0.0003,1967,506435.60002860887,425513,112,0
1,0.0003,1968,532909.9598021518,438751,112,0
1,0.0003,1969,547597.7048042722,453902,114,0
1,0.0003,1970,553548.6088510915,456271,113,0
1,0.0003,1971,556256.9609015626,458219,114,0
1,0.0003,1972,584590.7852965621,472381,114,0
1,0.0003,1973,618712.1189911193,490799,114,0
1,0.0003,1974,641457.9566276465,498076,113,0
1,0.0003,1975,649106.3669279328,493099,113,0
1,0.0003,1976,664556.6573180698,505764,114,0
1,0.0003,1977,685672.4743536897,521193,113,0
1,0.0003,1978,702319.5877407881,537604,113,0
1,0.0003,1979,722616.8700555376,551045,114,0
1,0.0003,1980,740127.8426579047,554104,114,0
1,0.0003,1981,746171.3952681342,555002,114,0
1,0.0003,1982,750480.7357456018,547241,113,0
1,0.0003,1983,764310.6901240662,553036,113,0
1,0.0003,1984,795521.962547593,575145,115,0
1,0.0003,1985,820224.4905621296,591637,114,0
1,0.0003,1986,841366.1788416178,603443,114,0
1,0.0003,1987,862430.4986212186,618307,114,0
1,0.0003,1988,890348.7493303567,637619,114,0
1,0.0003,1989,909248.1244225381,650254,115,0
1,0.0003,1990,919952.1063059368,655142,115,0
1,0.0003,1991,924611.1657071937,653117,116,0
1,0.0003,1992,937065.2036325627,657701,117,0
1,0.0003,1993,954951.3953554786,667817,118,0
1,0.0003,1994,972409.8070792524,681922,119,0
1,0.0003,1995,987826.1557038737,693721,119,0
1,0.0003,1996,1004215.3969592816,705202,120,0
1,0.0003,1997,1020404.4729122882,718499,120,0
1,0.0003,1998,1035209.4590373494,731676,119,0
1,0.0003,1999,1052300.1198275797,743805,120,0
1,0.0003,2000,1075314.78726999,756573,121,0
1,0.0003,2001,1087140.6712893802,758111,121,0
1,0.0003,2002,1095156.6055763366,755965,122,0
1,0.0003,2003,1100084.653906482,756093,122,0
1,0.0003,2004,1112070.1483232575,763912,123,0
1,0.0003,2005,1122926.9423010761,771216,123,0
1,0.0003,2006,1134735.6675164474,777172,123,0
1,0.001,1951,327760.9987401424,283353,107,0
1,0.001,1952,331557.6924415539,291301,109,0
1,0.001,1953,329995.9909624632,295971,108,0
1,0.001,1954,328468.3756011426,291310,109,0
1,0.001,1955,382477.49261176045,319229,112,0
1,0.001,1956,385821.686691225,331582,113,0
1,0.001,1957,395914.9896010509,346282,112,0
1,0.001,1958,395820.4854040012,342372,111,0
1,0.001,1959,416623.71714645723,350495,111,0
1,0.001,1960,420870.5462568449,355186,111,0
1,0.001,1961,423534.2557495595,357149,112,0
1,0.001,1962,425311.2190261015,364633,112,0
1,0.001,1963,427616.193934735,370377,111,0
1,0.001,1964,432046.2389188424,380166,111,0
1,0.001,1965,442048.3968536543,396145,112,0
1,0.001,1966,500629.5375990443,416416,113,0
1,0.001,1967,506467.7170531127,425513,112,0
1,0.001,1968,532879.1736319041,438751,112,0
1,0.001,1969,547535.3241170302,453902,114,0
1,0.001,1970,553429.2104363363,456271,113,0
1,0.001,1971,556193.9704927417,458219,114,0
1,0.001,1972,584612.5607249816,472381,114,0
1,0.001,1973,618694.9368202105,490799,114,0
1,0.001,1974,641418.3155923471,498076,113,0
1,0.001,1975,649114.7448149255,493099,113,0
1,0.001,1976,664613.4798313197,505764,114,0
1,0.001,1977,685618.7499042581,521193,113,0
1,0.001,1978,702313.4416761169,537604,113,0
1,0.001,1979,722587.6016174703,551045,114,0
1,0.001,1980,740190.3169900039,554104,114,0
1,0.001,1981,746181.9164935891,555002,114,0
1,0.001,1982,750433.5829612776,547241,113,0
1,0.001,1983,764264.5349569902,553036,113,0
1,0.001,1984,795513.5378917342,575145,115,0
1,0.001,1985,820214.8923120872,591637,114,0
1,0.001,1986,841411.7114055189,603443,114,0
1,0.001,1987,862401.2997107534,618307,114,0
1,0.001,1988,890308.4261456,637619,114,0
1,0.001,1989,909251.2352131841,650254,115,0
1,0.001,1990,919991.4973462324,655142,115,0
1,0.001,1991,924614.4362874143,653117,116,0
1,0.001,1992,937133.3294303638,657701,117,0
1,0.001,1993,954900.8577405083,667817,118,0
1,0.001,1994,972357.8668119018,681922,119,0
1,0.001,1995,987781.6080724498,693721,119,0
1,0.001,1996,1004243.4746119195,705202,120,0
1,0.001,1997,1020434.3614239244,718499,120,0
1,0.001,1998,1035131.1481480681,731676,119,0
1,0.001,1999,1052324.5629651928,743805,120,0
1,0.001,2000,1075442.0107070557,756573,121,0
1,0.001,2001,1087150.3098292518,758111,121,0
1,0.001,2002,1095160.899590082,755965,122,0
1,0.001,2003,1100071.5220979226,756093,122,0
1,0.001,2004,1112053.0774262655,763912,123,0
1,0.001,2005,1122960.4454272306,771216,123,0
1,0.001,2006,1134762.7443384556,777172,123,0
1,0.003,1951,327559.9801543961,283353,107,0
1,0.003,1952,331619.42881182244,291301,109,0
1,0.003,1953,329505.5472699608,295971,108,0
1,0.003,1954,329318.75647921633,291310,109,0
1,0.003,1955,382308.14705988363,319229,112,0
1,0.003,1956,385817.9004085073,331582,113,0
1,0.003,1957,395815.7777961101,346282,112,0
1,0.003,1958,395750.9700287727,342372,111,0
1,0.003,1959,416563.34540309786,350495,111,0
1,0.003,1960,420853.4361726452,355186,111,0
1,0.003,1961,423465.83662229596,357149,112,0
1,0.003,1962,425180.94200852816,364633,112,0
1,0.003,1963,427720.6950993019,370377,111,0
1,0.003,1964,431700.75980447035,380166,111,0
1,0.003,1965,441788.86865854554,396145,112,0
1,0.003,1966,500593.1071656097,416416,113,0
1,0.003,1967,506351.4926402982,425513,112,0
1,0.003,1968,532838.6122417414,438751,112,0
1,0.003,1969,547557.5689820623,453902,114,0
1,0.003,1970,553255.580250345,456271,113,0
1,0.003,1971,555846.4674810873,458219,114,0
1,0.003,1972,584367.9662859406,472381,114,0
1,0.003,1973,618655.1931118267,490799,114,0
1,0.003,1974,641370.6552651093,498076,113,0
1,0.003,1975,649112.4638999042,493099,113,0
1,0.003,1976,664637.2094054524,505764,114,0
1,0.003,1977,685661.5642289292,521193,113,0
1,0.003,1978,702320.4570075937,537604,113,0
1,0.003,1979,722612.0350648606,551045,114,0
1,0.003,1980,740051.757626183,554104,114,0
1,0.003,1981,746134.5621555072,555002,114,0
1,0.003,1982,750545.0932958673,547241,113,0
1,0.003,1983,764271.8937092029,553036,113,0
1,0.003,1984,795534.4705933109,575145,115,0
1,0.003,1985,820222.5258929724,591637,114,0
1,0.003,1986,841457.2862992625,603443,114,0
1,0.003,1987,862462.1658113812,618307,114,0
1,0.003,1988,890340.0392283902,637619,114,0
1,0.003,1989,909288.8341117325,650254,115,0
1,0.003,1990,919921.3725504703,655142,115,0
1,0.003,1991,924620.3764319888,653117,116,0
1,0.003,1992,937122.5330550565,657701,117,0
1,0.003,1993,954908.9524844605,667817,118,0
1,0.003,1994,972395.6798902707,681922,119,0
1,0.003,1995,987871.1680567252,693721,119,0
1,0.003,1996,1004330.1339806254,705202,120,0
1,0.003,1997,1020410.0424579106,718499,120,0
1,0.003,1998,1035245.5295883514,731676,119,0
1,0.003,1999,1052281.9274100736,743805,120,0
1,0.003,2000,1075457.6453087765,756573,121,0
1,0.003,2001,1087236.7917049397,758111,121,0
1,0.003,2002,1095206.125472909,755965,122,0
1,0.003,2003,1100076.427171552,756093,122,0
1,0.003,2004,1112199.1726220746,763912,123,0
1,0.003,2005,1122951.2056228465,771216,123,0
1,0.003,2006,1134801.124046667,777172,123,0
1,0.01,1951,327446.21863510215,283353,107,0
1,0.01,1952,331292.42589532223,291301,109,0
1,0.01,1953,347178.31963983475,295971,108,0
1,0.01,1954,340883.7672606577,291310,109,0
1,0.01,1955,382659.1366416053,319229,112,0
1,0.01,1956,386445.4763028651,331582,113,0
1,0.01,1957,395707.54377649823,346282,112,0
1,0.01,1958,396025.56641899445,342372,111,0
1,0.01,1959,416576.5714567821,350495,111,0
1,0.01,1960,420911.41052291845,355186,111,0
1,0.01,1961,423601.6005251575,357149,112,0
1,0.01,1962,425319.44070433435,364633,112,0
1,0.01,1963,427784.3804832968,370377,111,0
1,0.01,1964,431718.35922334867,380166,111,0
1,0.01,1965,441843.0258185408,396145,112,0
1,0.01,1966,500727.166977843,416416,113,0
1,0.01,1967,506464.2864766176,425513,112,0
1,0.01,1968,532949.6935727006,438751,112,0
1,0.01,1969,547595.6302691,453902,114,0
1,0.01,1970,553457.1760254191,456271,113,0
1,0.01,1971,556107.6002682652,458219,114,0
1,0.01,1972,584326.4560651461,472381,114,0
1,0.01,1973,618683.1728923855,490799,114,0
1,0.01,1974,641471.2441579115,498076,113,0
1,0.01,1975,649176.9652689544,493099,113,0
1,0.01,1976,664733.8501552336,505764,114,0
1,0.01,1977,685735.0513186285,521193,113,0
1,0.01,1978,702457.9725796992,537604,113,0
1,0.01,1979,722657.659274518,551045,114,0
1,0.01,1980,740176.1267725265,554104,114,0
1,0.01,1981,746213.601876784,555002,114,0
1,0.01,1982,750591.7116528536,547241,113,0
1,0.01,1983,764266.9061146734,553036,113,0
1,0.01,1984,795593.4095482108,575145,115,0
1,0.01,1985,820313.7073191858,591637,114,0
1,0.01,1986,841546.6228821469,603443,114,0
1,0.01,1987,862527.2064938272,618307,114,0
1,0.01,1988,890420.5548193841,637619,114,0
1,0.01,1989,909372.4621056854,650254,115,0
1,0.01,1990,919975.0746305455,655142,115,0
1,0.01,1991,924727.7471547454,653117,116,0
1,0.01,1992,937226.8741700685,657701,117,0
1,0.01,1993,955055.6876544852,667817,118,0
1,0.01,1994,972609.6017015105,681922,119,0
1,0.01,1995,987957.4821086627,693721,119,0
1,0.01,1996,1004551.2296234866,705202,120,0
1,0.01,1997,1020606.5796268728,718499,120,0
1,0.01,1998,1035427.8699756819,731676,119,0
1,0.01,1999,1052379.4859470807,743805,120,0
1,0.01,2000,1075626.9131250596,756573,121,0
1,0.01,2001,1087386.1800565552,758111,121,0
1,0.01,2002,1095364.8788597842,755965,122,0
1,0.01,2003,1100231.2001411947,756093,122,0
1,0.01,2004,1112468.1239855387,763912,123,0
1,0.01,2005,1123045.9457283115,771216,123,0
1,0.01,2006,1135034.9640141167,777172,123,0
